Company,Date,2024-12-31,2024-09-30,2024-06-30,2024-03-31,2023-12-31,2023-09-30,2023-06-30,2023-03-31,2022-12-31,2022-09-30,2022-06-30,2022-03-31,2021-12-31,2021-09-30,2021-06-30,2021-03-31,2020-12-31,2020-09-30,2020-06-30,2020-03-31,2019-12-31,2019-09-30,2019-06-30,2019-03-31,2018-12-31,2018-09-30,2018-06-30,2018-03-31,2017-12-31,2017-09-30,2017-06-30,2017-03-31,2016-12-31,2016-09-30,2016-06-30,2016-03-31,2015-12-31,2015-09-30,2015-06-30,2015-03-31,2014-12-31,2014-09-30,2014-06-30,2014-03-31,2013-12-31,2013-09-30,2013-06-30,2013-03-31,2012-12-31,2012-09-30,2012-06-30,2012-03-31,2011-12-31,2011-09-30,2011-06-30,2011-03-31,2010-12-31,2010-09-30,2010-06-30,2010-03-31,2009-12-31,2009-09-30,2009-06-30,2009-03-31,2008-12-31,2008-09-30,2008-06-30,2008-03-31,2007-12-31,2007-09-30,2007-06-30,2007-03-31,2006-12-31,2006-09-30,2006-06-30,2006-03-31,2005-12-31,2005-09-30,2005-06-30,2005-03-31,2004-12-31,2004-09-30,2004-06-30,2004-03-31,2003-12-31,2003-09-30,2003-06-30,2003-03-31,2002-12-31,2002-09-30,2002-06-30,2002-03-31,2001-12-31,2001-09-30,2001-06-30,2001-03-31,2000-12-31,2000-09-30,2000-06-30,2000-03-31,1999-12-31,1999-09-30,1999-06-30,1999-03-31,1998-12-31,1998-09-30,1998-06-30,1998-03-31,1997-12-31,1997-09-30,1997-06-30,1997-03-31,1996-12-31,1996-09-30,1996-06-30,1996-03-31,1995-12-31,1994-12-31,2018-03-30
so-financials,Net Income,4401.0,4722.0,4609.0,4244.0,3976.0,3036.0,3089.0,3362.0,3535.0,3411.0,3041.0,2306.0,2408.0,3011.0,3161.0,3401.0,3134.0,3188.0,3253.0,3539.0,4754.0,4592.0,4440.0,3388.0,2242.0,2461.0,2372.0,1152.0,880.0,586.0,657.0,2662.0,2493.0,2568.0,2388.0,2396.0,2421.0,2438.0,2203.0,2188.0,2031.0,2162.0,2296.0,1981.0,1710.0,1678.0,1802.0,2128.0,2415.0,2293.0,2233.0,2214.0,2268.0,2160.0,2061.0,1967.0,2040.0,2136.106,2108.276,2077.084,1708.0,1645.287,1635.748,1573.517,1807.0,1856.77,1822.134,1818.71,1782.0,1718.022,1694.012,1650.082,1573.0,1543.83,1528.049,1529.647,1591.0,1636.238,1558.507,1523.818,1532.0,1453.226,1427.588,1507.343,1474.0,1515.43,1492.008,1391.513,1318.0,1266.595,1225.56,1166.741,1262.0,1258.615,1317.77,1387.101,1313.0,1323.397,1325.047,1297.128,1276.0,1101.98,1002.826,959.614,977.0,1223.986,1082.667,1026.689,972.0,915.943,1008.673,1081.138,1127.0,,,,1103.0,989.0,
so-financials,Depreciation & Amortization,5266.0,5203.0,5122.0,5014.0,4986.0,4679.0,4505.0,4308.0,4064.0,4113.0,4019.0,3998.0,3973.0,3946.0,3938.0,3920.0,3905.0,3720.0,3624.0,3429.0,3331.0,3416.0,3422.0,3527.0,3549.0,3540.0,3524.0,3507.0,3457.0,3378.0,3300.0,3107.0,2923.0,2717.0,2530.0,2456.0,2395.0,2282.0,2282.0,2284.0,2293.0,2371.0,2340.0,2317.0,2298.0,2268.0,2221.0,2184.0,2145.0,2120.0,2101.0,2076.0,2048.0,1984.0,1974.0,1910.0,1831.0,1854.146,1760.646,1753.167,1788.0,1749.158,1767.564,1753.144,1704.0,1643.221,1585.279,1529.786,1486.0,1469.908,1457.463,1432.957,1421.0,1406.694,1406.843,1406.875,1398.0,1345.034,1278.439,1202.61,1161.0,1793.32,1618.585,1460.551,1281.0,698.06,865.518,1032.387,1185.0,1208.445,1246.267,1304.73,1358.0,1310.14,1298.675,1308.904,1337.0,1184.977,1215.861,1213.904,1216.0,1228.13,1351.315,1500.029,1530.0,1830.716,1788.691,1632.127,1592.0,1536.929,1413.211,1379.509,1338.0,,,,1134.0,1050.0,
so-financials,Share-Based Compensation,132.0,138.0,123.0,128.0,137.0,130.0,138.0,134.0,127.0,126.0,139.0,146.0,144.0,148.0,134.0,124.0,113.0,119.0,116.0,115.0,107.0,104.0,117.0,120.0,125.0,122.0,119.0,117.0,109.0,216.0,125.0,124.0,121.0,22.0,102.0,101.0,99.0,89.0,89.0,91.0,63.0,62.0,62.0,61.0,59.0,58.0,57.0,56.0,55.0,52.0,50.0,46.0,42.0,40.0,36.0,35.0,33.0,30.15,28.044,25.045,23.0,23.12,23.222,23.528,20.0,19.719,20.28,20.873,28.0,28.966,29.268,29.45,28.0,-23.419,-14.777,4.055,0.0,57.515,52.853,34.318,31.0,43.92,37.081,37.536,30.0,11.234,31.029,27.195,23.0,19.795,0.0,0.0,0.0,0.0,0.0,0.0,0.0,0.0,0.0,0.0,0.0,0.0,0.0,0.0,0.0,0.0,0.0,0.0,0.0,0.0,0.0,0.0,0.0,,,,0.0,0.0,
so-financials,Other Operating Activities,-11.0,-635.0,-1202.0,-1366.0,-1546.0,-820.0,-2109.0,-2250.0,-1424.0,-1545.0,-355.0,69.0,-356.0,-548.0,-480.0,-401.0,-456.0,-907.0,-878.0,-1152.0,-2411.0,-1870.0,-1779.0,-855.0,1029.0,604.0,896.0,2231.0,1948.0,1669.0,1413.0,-981.0,-643.0,175.0,1287.0,1286.0,1359.0,1407.0,1278.0,1062.0,1428.0,1778.0,1522.0,2104.0,2030.0,1261.0,1008.0,699.0,283.0,884.0,887.0,1137.0,1545.0,878.0,894.0,339.0,87.0,409.814,161.419,-255.427,-256.0,-229.913,-753.802,-22.149,-67.0,83.085,442.82,339.872,138.0,90.256,-130.001,-89.044,-202.0,-496.772,-442.71,-523.28,-459.0,-344.613,-300.051,-201.974,-29.0,1024.811,528.959,206.455,286.0,-793.839,-216.687,123.968,327.0,337.893,132.483,235.522,-236.0,-174.986,-177.211,-493.671,-274.0,-438.796,-392.028,-186.234,-273.0,-98.913,-305.827,-517.246,-190.0,-651.136,-301.921,-55.095,61.0,314.486,237.17,119.143,-64.0,,,,78.0,72.0,
so-financials,Operating Cash Flow,9788.0,9428.0,8652.0,8020.0,7553.0,7025.0,5623.0,5554.0,6302.0,6105.0,6844.0,6519.0,6169.0,6557.0,6753.0,7044.0,6696.0,6120.0,6115.0,5931.0,5781.0,6242.0,6200.0,6180.0,6945.0,6727.0,6911.0,7007.0,6394.0,5849.0,5495.0,4912.0,4894.0,5482.0,6307.0,6239.0,6274.0,6216.0,5852.0,5625.0,5815.0,6373.0,6220.0,6463.0,6097.0,5265.0,5088.0,5067.0,4898.0,5349.0,5271.0,5473.0,5903.0,5062.0,4965.0,4251.0,3991.0,4430.216,4058.385,3599.869,3263.0,3187.652,2672.732,3328.04,3464.0,3602.795,3870.513,3709.241,3434.0,3307.152,3050.742,3023.445,2820.0,2430.333,2477.405,2417.297,2530.0,2694.174,2589.748,2558.772,2695.0,4315.277,3612.213,3211.885,3071.0,1430.885,2171.868,2575.063,2853.0,2832.728,2604.31,2706.993,2384.0,2393.769,2439.234,2202.334,2376.0,2069.578,2148.88,2324.798,2219.0,2231.197,2048.314,1942.397,2317.0,2403.566,2569.437,2603.721,2625.0,2767.358,2659.054,2579.79,2401.0,,,,2315.0,2111.0,
so-financials,Operating Cash Flow Growth,0.2959089103667416,0.3420640569395017,0.5386804197047839,0.4440043212099387,0.19850841002856234,0.1506961506961506,-0.1784044418468732,-0.1480288387789538,0.02155940995299077,-0.06893396370291294,0.01347549237375989,-0.07453151618398635,-0.07870370370370372,0.0714052287581699,0.10433360588716267,0.18765806777946392,0.15827711468604044,-0.019545017622556893,-0.013709677419354804,-0.04029126213592238,-0.16760259179265657,-0.07209751746692439,-0.10287946751555488,-0.11802483231054661,0.08617453862996549,0.1501111301077107,0.25768880800727945,0.4265065146579805,0.306497752349816,0.06694636993797887,-0.12874583795782468,-0.2126943420419939,-0.21995537137392418,-0.11808236808236805,0.0777511961722488,0.10915555555555545,0.07893379191745487,-0.024635179664208362,-0.05916398713826365,-0.12966114807365003,-0.04625225520747911,0.21044634377967708,0.22248427672955984,0.2755081902506413,0.24479379338505503,-0.015703869882220944,-0.03471826977803072,-0.0741823497167915,-0.17025241402676605,0.056696957724219565,0.0616314199395771,0.2874617737003058,0.479077925331997,0.14260794507536434,0.22339304920553382,0.18087630410995503,0.22310756972111556,0.38980541163213545,0.5184406816695426,0.08167840530762849,-0.058025404157043825,-0.11522803823142869,-0.3094631125124757,-0.10277062072806809,0.00873616773442043,0.08939504443702617,0.26871200514497784,0.22682602131012808,0.21773049645390063,0.36078142378019806,0.23142643209325886,0.25075445838885324,0.11462450592885376,-0.09793020049929957,-0.043379896422354625,-0.055290193889881545,-0.061224489795918324,-0.37566603488026373,-0.28305778203001875,-0.2033425854288058,-0.12243568870074895,2.0158097960353207,0.6631825691064097,0.24730346403175374,0.0764107956536979,-0.49487384598874296,-0.16604858868567873,-0.04873673481977969,0.19672818791946312,0.18337567242286124,0.06767534398093833,0.22914735003864073,0.0033670033670034627,0.1566459442456385,0.1351187595398533,-0.05267726486344193,0.07075259125732303,-0.07243600632306335,0.04909696462554081,0.19687067061985775,-0.04229607250755285,-0.07171386182031203,-0.2028160254561603,-0.2539918831549156,-0.11733333333333329,-0.13145823561678682,-0.033702587461555855,0.009276336445989797,0.09329446064139946,,,,0.037149028077753776,,,,,,
so-financials,Capital Expenditures,-8849.0,-9082.0,-9151.0,-9222.0,-9077.0,-8553.0,-8542.0,-8314.0,-7720.0,-7975.0,-7542.0,-7312.0,-7710.0,-7379.0,-7601.0,-7615.0,-7522.0,-7540.0,-7438.0,-7601.0,-7724.0,-7798.0,-7763.0,-7882.0,-7951.0,-7744.0,-7428.0,-7399.0,-7164.0,-7042.0,-7200.0,-7123.0,-7431.0,-7313.0,-6835.0,-6206.0,-5272.0,-4930.0,-4933.0,-5256.0,-5353.0,-5504.0,-5709.0,-5527.0,-5589.0,-5252.0,-4905.0,-4700.0,-4893.0,-4989.0,-4726.0,-4775.0,-4327.0,-4043.0,-4206.0,-3967.0,-4057.0,-4357.167,-4313.045,-4120.791,-4115.0,-3709.73,-3594.447,-3851.302,-3844.0,-3900.377,-3909.753,-3745.523,-3475.0,-3317.373,-3367.819,-3190.644,-2844.0,-2705.079,-2243.633,-2306.361,-2360.0,-2178.113,-2109.183,-1950.146,-2016.0,-2947.677,-2651.79,-2294.131,-1964.0,-1109.861,-1604.237,-2235.552,-2728.0,-2671.733,-2680.254,-2624.367,-2617.0,-2728.007,-2658.931,-2440.057,-2225.0,-1719.104,-1798.462,-1831.534,-1881.0,-1783.676,-1562.099,-1339.514,-1273.0,-1825.356,-1824.211,-1902.592,-1827.0,-1502.87,-1170.53,-1075.816,-1018.0,,,,-1114.0,-1365.0,
so-financials,Acquisitions,261.0,270.0,284.0,-38.0,65.0,130.0,92.0,97.0,85.0,1179.0,1282.0,1225.0,729.0,-259.0,-407.0,-523.0,838.0,849.0,847.0,1405.0,4838.0,4938.0,7173.0,7108.0,2705.0,4294.0,2061.0,1560.0,498.0,-2457.0,-12493.0,-13156.0,-12243.0,-11847.0,-2487.0,-2079.0,-1916.0,-1859.0,-1139.0,-731.0,-731.0,0.0,0.0,0.0,0.0,0.0,0.0,0.0,0.0,0.0,0.0,0.0,0.0,0.0,0.0,0.0,0.0,0.0,0.0,0.0,0.0,0.0,0.0,2.78,0.0,34.55,25.185,8.643,0.0,-41.434,-36.186,-37.059,-64.0,-86.006,-116.129,-129.451,-115.0,-109.3,-99.594,-112.698,-97.0,-167.81,-143.276,-102.215,-94.0,-31.428,-90.0,-90.0,-90.0,-108.572,-50.0,-50.0,-50.0,-6.0,-6.0,-6.0,-6.0,1472.217,1476.99,38.57,0.0,-1237.06,-1277.464,116.055,0.0,-347.753,-1270.462,-1324.561,-2925.0,-2812.404,-1854.064,-1755.064,0.0,,,,-1416.0,-405.0,
so-financials,Change in Investments,0.0,0.0,0.0,0.0,0.0,0.0,0.0,0.0,0.0,0.0,0.0,0.0,0.0,0.0,0.0,0.0,0.0,0.0,0.0,0.0,0.0,-114.0,-114.0,-114.0,-114.0,-152.0,-152.0,-152.0,-152.0,750.0,8608.0,289.0,0.0,-910.0,-8768.0,-449.0,-160.0,0.0,-11.0,-11.0,-11.0,9.0,-51.0,-71.0,-149.0,-219.0,-148.0,-359.0,-280.0,-230.0,-226.0,2.0,1.0,-49.0,-53.0,-50.0,-50.0,0.0,0.0,0.0,0.0,0.0,0.0,0.0,0.0,0.0,0.0,0.0,0.0,0.0,0.0,0.0,0.0,0.0,0.0,0.0,0.0,0.0,0.0,0.0,0.0,0.0,0.0,0.0,0.0,0.0,0.0,0.0,0.0,0.0,0.0,0.0,0.0,0.0,0.0,0.0,0.0,0.0,0.0,0.0,0.0,0.0,0.0,0.0,0.0,0.0,0.0,0.0,0.0,0.0,0.0,0.0,0.0,,,,0.0,0.0,
so-financials,Other Investing Activities,-812.0,-813.0,-735.0,-675.0,-656.0,-776.0,-808.0,-776.0,-795.0,-659.0,-527.0,-578.0,-372.0,-350.0,-393.0,-246.0,-346.0,-520.0,-458.0,-539.0,-506.0,-359.0,-430.0,-423.0,-400.0,-403.0,-412.0,-397.0,-372.0,-1343.0,-1170.0,-657.0,-373.0,1030.0,901.0,364.0,68.0,-342.0,-322.0,-302.0,-313.0,-302.0,-122.0,-80.0,-4.0,-41.0,47.0,39.0,5.0,176.0,42.0,47.0,143.0,-56.0,-25.0,-35.0,-149.0,-111.485,-236.895,-164.179,-204.0,-292.847,-312.668,-404.267,-282.0,-263.462,-166.297,-179.489,-234.0,113.796,48.759,110.741,74.0,-146.692,-138.553,-151.338,-154.0,-183.546,-176.934,-189.534,-145.0,-221.357,-196.691,-156.229,-136.0,-52.245,-58.071,-55.664,-150.0,-134.464,-50.864,-95.141,-69.0,-8.459,-77.672,-52.608,-75.0,-685.814,-397.825,-407.358,-362.0,33.665,-230.882,-158.742,-166.0,43.996,-6.279,-28.26,-13.0,-218.096,-200.475,-241.777,-275.0,,,,153.0,-87.0,
so-financials,Investing Cash Flow,-9400.0,-9625.0,-9602.0,-9935.0,-9668.0,-9199.0,-9258.0,-8993.0,-8430.0,-7455.0,-6787.0,-6665.0,-7353.0,-7988.0,-8401.0,-8384.0,-7030.0,-7211.0,-7049.0,-6735.0,-3392.0,-3333.0,-1134.0,-1311.0,-5760.0,-4005.0,-5931.0,-6388.0,-7190.0,-10092.0,-12255.0,-20647.0,-20047.0,-19040.0,-17189.0,-8370.0,-7280.0,-7131.0,-6405.0,-6300.0,-6408.0,-5797.0,-5882.0,-5678.0,-5742.0,-5512.0,-5006.0,-5020.0,-5168.0,-5043.0,-4910.0,-4726.0,-4183.0,-4148.0,-4284.0,-4052.0,-4256.0,-4468.652,-4549.94,-4284.97,-4319.0,-4002.577,-3907.115,-4252.789,-4126.0,-4129.289,-4050.865,-3916.369,-3709.0,-3245.011,-3355.246,-3116.962,-2834.0,-2937.777,-2498.315,-2587.15,-2629.0,-2470.959,-2385.711,-2252.378,-2258.0,-3336.844,-2991.757,-2552.575,-2194.0,-1193.534,-1752.308,-2381.216,-2968.0,-2914.769,-2781.118,-2769.508,-2736.0,-2742.466,-2742.603,-2498.665,-2306.0,-932.701,-719.297,-2200.322,-2243.0,-2987.071,-3070.445,-1382.201,-1439.0,-2129.113,-3100.952,-3255.413,-4765.0,-4533.37,-3225.069,-3072.657,-1293.0,,,,-2377.0,-1857.0,
so-financials,Dividends Paid,-2954.0,-2984.0,-3016.0,-3026.0,-3035.0,-3012.0,-2988.0,-2947.0,-2907.0,-2866.0,-2825.0,-2801.0,-2777.0,-2754.0,-2730.0,-2708.0,-2685.0,-2659.0,-2633.0,-2602.0,-2570.0,-2539.0,-2500.0,-2462.0,-2425.0,-2389.0,-2360.0,-2330.0,-2300.0,-2267.0,-2215.0,-2163.0,-2104.0,-2047.0,-2010.0,-1978.0,-1959.0,-1940.0,-1918.0,-1893.0,-1866.0,-1839.0,-1812.0,-1787.0,-1762.0,-1740.0,-1726.0,-1709.0,-1693.0,-1675.0,-1651.0,-1626.0,-1601.0,-1575.0,-1548.0,-1522.0,-1496.0,-1464.072,-1433.774,-1401.22,-1369.0,-1344.49,-1319.632,-1298.82,-1280.0,-1260.672,-1241.603,-1222.668,-1205.0,-1186.775,-1169.845,-1153.85,-1140.0,-1128.729,-1118.509,-1108.484,-1098.0,-1086.387,-1072.813,-1053.452,-1045.0,-1461.225,-1304.724,-1153.956,-1004.0,-567.374,-702.674,-831.278,-958.0,-946.153,-934.495,-927.952,-922.0,-906.988,-893.085,-880.763,-873.0,-880.121,-891.522,-907.678,-921.0,-929.179,-934.252,-934.43,-933.0,-924.117,-913.334,-901.255,-889.0,-876.165,-865.385,-855.113,-846.0,,,,-811.0,-766.0,
so-financials,Share Issuance / Repurchase,143.0,122.0,98.0,49.0,36.0,31.0,1769.0,1785.0,1808.0,1814.0,110.0,97.0,73.0,73.0,39.0,36.0,74.0,284.0,451.0,672.0,844.0,835.0,1320.0,1201.0,1090.0,1058.0,598.0,720.0,793.0,1106.0,2792.0,3674.0,3758.0,3385.0,1523.0,414.0,141.0,343.0,489.0,674.0,801.0,694.0,845.0,775.0,675.0,131.0,-206.0,-125.0,-33.0,399.0,557.0,646.0,723.0,782.0,913.0,818.0,772.0,1227.471,1087.912,1281.621,1286.0,761.329,777.634,493.272,474.0,504.702,461.969,502.598,538.0,520.811,428.95,290.751,137.0,14.385,-205.753,-181.273,-139.0,-88.376,148.229,131.329,124.0,534.678,507.059,518.702,470.0,122.626,205.17,302.118,428.0,397.706,447.501,433.002,395.0,1176.841,1104.505,997.135,495.0,-567.202,-1025.003,-1275.96,-838.0,-624.155,-230.045,43.333,109.0,197.552,303.927,360.844,360.0,345.759,243.119,240.998,171.0,,,,277.0,279.0,
so-financials,Debt Issued / Paid,2969.0,2594.0,3213.0,4919.0,4371.0,5665.0,5991.0,4818.0,4137.0,2754.0,3216.0,3127.0,4765.0,2786.0,4125.0,3564.0,2268.0,4177.0,3804.0,3838.0,13.0,-1008.0,-5529.0,-6601.0,-2579.0,-1722.0,876.0,2898.0,3127.0,4533.0,5725.0,14423.0,13973.0,13747.0,12370.0,3832.0,3998.0,2633.0,2845.0,2413.0,1677.0,1347.0,820.0,281.0,770.0,1294.0,1615.0,1305.0,1205.0,609.0,867.0,799.0,111.0,205.0,214.0,677.0,844.0,1033.35,404.365,544.218,1502.0,1300.102,2465.476,2262.65,1904.0,1475.042,762.342,771.925,592.0,459.55,818.994,683.402,881.0,1619.755,1272.651,1385.516,1154.0,1121.172,902.447,662.698,474.0,226.527,538.057,519.618,119.0,266.276,-6.588,243.89,576.0,615.501,713.107,941.281,1037.0,401.813,469.517,-265.595,53.0,-671.483,-605.043,1597.833,927.0,2400.228,2420.39,447.575,374.0,522.479,1344.333,941.396,2038.0,1857.789,57.171,688.328,-793.0,,,,1467.0,130.0,
so-financials,Other Financing Activities,-366.0,-370.0,-378.0,-412.0,-373.0,-633.0,-628.0,-673.0,-702.0,-440.0,-440.0,-405.0,-116.0,44.0,-54.0,81.0,-233.0,-263.0,-189.0,-300.0,-217.0,847.0,1012.0,2067.0,2101.0,364.0,468.0,-733.0,-669.0,44.0,,147.0,98.0,33.0,83.0,-495.0,-480.0,-426.0,-633.0,3.0,32.0,-46.0,-32.0,21.0,-7.0,-12.0,,-47.0,104.0,101.0,88.0,68.0,-85.0,-69.0,-89.0,-101.0,-98.0,-106.593,-83.208,-73.117,-90.0,-101.205,-101.252,-109.053,-220.0,79.23,223.07,242.929,384.0,260.948,132.607,134.182,101.0,4.129,99.001,-6.571,16.0,-37.489,-136.482,9.154,67.0,-458.078,-449.329,-497.375,-424.0,111.531,-310.789,74.27,-12.0,2.564,425.351,35.358,-3.0,-56.805,-70.358,-48.798,-54.0,-226.942,57.395,-200.164,14.0,218.647,-73.822,358.628,241.0,167.583,100.903,178.086,787.0,678.535,894.908,657.241,33.0,,,,-238.0,64.0,
so-financials,Financing Cash Flow,-208.0,-638.0,-83.0,1530.0,999.0,2051.0,4144.0,2983.0,2336.0,1262.0,61.0,18.0,1945.0,149.0,1380.0,973.0,-576.0,1539.0,1433.0,1608.0,-1930.0,-1865.0,-5697.0,-5795.0,-1813.0,-2689.0,-418.0,555.0,951.0,3416.0,6302.0,16081.0,15725.0,15118.0,11966.0,1773.0,1700.0,610.0,783.0,1197.0,644.0,156.0,-179.0,-710.0,-324.0,-327.0,-317.0,-576.0,-417.0,-566.0,-139.0,-113.0,-852.0,-657.0,-510.0,-128.0,22.0,690.156,-24.705,351.502,1329.0,615.736,1822.226,1348.049,878.0,798.302,205.778,294.784,309.0,54.534,210.706,-45.515,-21.0,509.54,47.39,89.188,-67.0,-91.08,-158.619,-250.271,-380.0,-1158.098,-708.937,-613.011,-839.0,-66.941,-814.881,-211.0,34.0,69.618,651.464,481.689,507.0,614.861,610.579,-198.021,-379.0,-2345.748,-2464.173,-785.969,-818.0,1065.541,1182.271,-84.894,-209.0,-36.503,835.829,579.071,2296.0,2005.918,329.813,731.454,-1435.0,,,,695.0,-293.0,
so-financials,Net Cash Flow,180.0,-835.0,-1033.0,-385.0,-1116.0,-123.0,509.0,-456.0,208.0,-88.0,118.0,-128.0,761.0,-1282.0,-268.0,-367.0,-910.0,448.0,499.0,804.0,459.0,1044.0,-631.0,-926.0,-628.0,33.0,562.0,1174.0,155.0,-827.0,-458.0,346.0,572.0,1560.0,1084.0,-358.0,694.0,-305.0,230.0,522.0,51.0,732.0,159.0,75.0,31.0,-574.0,-235.0,-529.0,-687.0,-260.0,222.0,634.0,868.0,257.0,171.0,71.0,-243.0,651.72,-516.26,-333.599,273.0,-199.189,587.843,423.3,216.0,271.808,25.426,87.656,34.0,116.675,-93.798,-139.032,-35.0,2.096,26.48,-80.665,-166.0,132.135,45.418,56.123,57.0,-179.665,-88.481,46.299,38.0,170.41,-395.321,-17.153,-81.0,-12.423,474.656,116.506,155.0,109.966,73.24,92.551,45.0,-12.801,237.38,92.272,-158.0,-226.205,-373.86,-58.698,135.0,237.95,304.314,-72.621,156.0,239.906,-236.202,238.587,-327.0,,,,633.0,-39.0,
so-financials,Free Cash Flow,939.0,346.0,-499.0,-1202.0,-1524.0,-1528.0,-2919.0,-2760.0,-1418.0,-1870.0,-698.0,-793.0,-1541.0,-822.0,-848.0,-571.0,-826.0,-1420.0,-1323.0,-1670.0,-1943.0,-1556.0,-1563.0,-1702.0,-1006.0,-1017.0,-517.0,-392.0,-770.0,-1193.0,-1705.0,-2211.0,-2537.0,-1831.0,-528.0,33.0,1002.0,1286.0,919.0,369.0,462.0,869.0,511.0,936.0,508.0,13.0,183.0,367.0,5.0,360.0,545.0,698.0,1576.0,1019.0,759.0,284.0,-66.0,73.049,-254.66,-520.922,-852.0,-522.078,-921.715,-523.262,-380.0,-297.582,-39.24,-36.282,-41.0,-10.221,-317.077,-167.199,-24.0,-274.746,233.772,110.936,170.0,516.061,480.565,608.626,679.0,1367.6,960.423,917.754,1107.0,321.024,567.631,339.511,125.0,160.995,-75.944,82.626,-233.0,-334.238,-219.697,-237.723,151.0,350.474,350.418,493.264,338.0,447.521,486.215,602.883,1044.0,578.21,745.226,701.129,798.0,1264.488,1488.524,1503.974,1383.0,,,,1201.0,746.0,
so-financials,Free Cash Flow Growth,,,,,,,,,,,,,,,,,,,,,,,,,,,,,,,,,,,,-0.9105691056910569,1.168831168831169,0.47986191024165703,0.7984344422700587,-0.6057692307692308,-0.09055118110236215,65.84615384615384,1.7923497267759565,1.550408719346049,100.6,-0.9638888888888889,-0.6642201834862385,-0.4742120343839542,-0.9968274111675127,-0.6467124631992149,-0.28194993412384717,1.4577464788732395,,12.949540719243247,,,,,,,,,,,,,,,,,,,,,-0.5135475950183638,-0.8177271427773378,-0.7496318114874816,-0.6226520912547528,-0.4996319330128496,-0.3368310026434099,-0.38663053297199634,3.260117623604466,0.6919847577035081,1.7031642568282028,7.856,0.9939998136588093,,3.1090092706896133,,,,,,,,,-0.5532544378698225,-0.2168546280509741,-0.27929413942391745,-0.18182466581409662,-0.6762452107279693,-0.22602341709759433,-0.3475603374010032,-0.14012542627676217,0.30827067669172936,-0.5427319199549541,-0.4993523785978593,-0.5338157441551517,-0.42299349240780915,,,,0.15154038301415484,,,,,,
so-financials,Free Cash Flow Margin,0.03513695554557701,0.013092174965945209,-0.019093900665799343,-0.0472874621346237,-0.06034926543380984,-0.05819843839268711,-0.10555816728745525,-0.09480952217374876,-0.04843061579971993,-0.06678809957498483,-0.026992536447658456,-0.03324808184143223,-0.06667243542595076,-0.036593509326447934,-0.0388189517051957,-0.026849108948135608,-0.040539877300613494,-0.07039460638508824,-0.06438896189224705,-0.07942925089179548,-0.09071385218731033,-0.0712388975368556,-0.07102608379532854,-0.07552695806523187,-0.04281762077037667,-0.04275624316825023,-0.021697163001510828,-0.016588379670771446,-0.033433198732143635,-0.05282734800513661,-0.07528923430186346,-0.10200692041522491,-0.12751306795335746,-0.1001476781709785,-0.03030998851894374,0.0019077349982656955,0.05729315569786723,0.07169138142490801,0.05140971134481987,0.020493168943685438,0.025017598960307575,0.04728737008216793,0.028302409304901688,0.05248401928899854,0.02973020424884415,0.0007709185791377572,0.010831606984314885,0.021806298276886512,0.0003023523009010099,0.021778584392014518,0.03223135608255959,0.04046611397762189,0.08925638556946254,0.057466726821565534,0.043066273263731275,0.016405753567096067,-0.003780934922089826,0.004248258233897238,-0.015381243254549308,-0.032088939959625945,-0.05411929111351077,-0.03255792808354688,-0.05492815595170882,-0.030581523035380184,-0.02218718981724762,-0.017856752817109148,-0.002441741078373417,-0.002321715010346356,-0.0026704878525369634,-0.000674008419269242,-0.0213063121118002,-0.011372991527546781,-0.0016717748676511562,-0.018956390490632337,0.016345306807321196,0.008021269349822816,0.012542422900988639,0.040280937254713406,0.040402402260008984,0.05164975561611936,0.057890698269247164,0.11856946409740729,0.08429044964858903,0.08187449717992541,0.10047195498275549,0.02893464386955435,0.05140673420420545,0.03129489565910077,0.011888910024728933,0.015704400831676273,-0.00746889419571406,0.00818154542943063,-0.022944362383062532,-0.032481628149409775,-0.021282329700046797,-0.023116002028410385,0.015000993443274388,0.04316487397015503,0.040470047466709784,0.055255057724633856,0.0362777718149619,0.04660098960237528,0.05215003946527158,0.06382626654617429,0.10990630592693967,0.0477731977331671,0.05859778014002431,0.05599417576045227,0.06327809055586393,0.10711102847469314,0.13954807402856748,0.14305769614723934,0.1335199845530025,,,,0.13082788671023965,0.0899120163914668,
so-financials,Free Cash Flow Per Share,0.857,0.315,-0.455,-1.099,-1.396,-1.399,-2.673,-2.53,-1.319,-1.728,-0.655,-0.746,-1.452,-0.775,-0.799,-0.539,-0.781,-1.342,-1.25,-1.58,-1.858,-1.485,-1.497,-1.64,-0.986,-0.994,-0.51,-0.388,-0.77,-1.189,-1.708,-2.227,-2.668,-1.892,-0.565,0.036,1.101,1.413,1.011,0.405,0.515,0.968,0.571,1.052,0.579,0.015,0.209,0.422,0.006,0.411,0.625,0.804,1.839,1.185,0.888,0.335,-0.079,0.087,-0.308,-0.633,-1.072,-0.654,-1.166,-0.671,-0.493,-0.385,-0.051,-0.047,-0.054,-0.013,-0.42,-0.223,-0.032,-0.37,0.315,0.149,0.228,0.694,0.643,0.818,0.919,1.85,1.301,1.246,1.523,0.44,0.783,0.472,0.177,0.227,-0.108,0.118,-0.338,-0.483,-0.32,-0.348,0.231,0.54,0.54,0.755,0.493,0.66,0.701,0.863,1.498,0.829,1.068,1.009,1.165,1.84,2.18,2.216,2.055,,,,1.806,1.148,
aep-financials,Net Income,2967.1,2639.2,2633.3,2814.2,2208.1,2256.2,1986.2,1989.5,2307.2,2461.8,2574.1,2627.8,2488.1,2384.7,2337.3,2279.9,2200.1,1918.1,1903.0,1843.5,1921.1,2131.0,1975.1,2042.2,1923.8,1961.1,1928.2,1774.8,1912.6,1885.3,574.8,701.9,610.9,707.1,1991.2,1919.1,2047.1,1768.3,1743.0,1703.0,1633.8,1789.5,1729.5,1677.5,1480.5,1155.0,1209.0,1233.0,1259.0,1549.0,1991.0,1981.0,1946.0,1812.0,1439.0,1223.0,1214.0,1276.0,1164.0,1344.0,1360.0,1274.0,1205.0,1170.0,1383.0,1464.0,1496.0,1395.0,1092.0,1039.0,897.0,892.0,1002.0,672.0,794.0,840.0,814.0,1140.0,1283.0,1162.0,1089.0,150.0,-123.0,-48.0,110.0,35.0,203.0,90.0,-519.0,370.0,366.0,536.0,971.0,697.0,635.0,394.0,267.0,683.0,719.0,918.0,972.0,1247.0,1047.0,975.0,975.0,590.119,486.3,489.439,511.0,517.31,588.453,579.98,587.43,,,,529.903,500.012,
aep-financials,Depreciation & Amortization,3289.9,3242.7,3182.3,3102.0,3090.4,3095.4,3124.9,3185.9,3202.8,3274.0,3152.5,3024.4,2961.1,2824.5,2802.9,2842.1,2819.3,2876.1,2842.6,2751.5,2651.0,2464.7,2422.1,2352.7,2286.6,2206.8,2122.7,2055.0,1997.2,1898.0,1918.8,1947.1,1962.3,2031.9,2027.5,2011.4,2009.7,2007.6,1956.7,1902.0,1897.6,1820.5,1783.5,1783.5,1712.5,1739.0,1762.0,1779.0,1782.0,1750.0,1725.0,1675.0,1655.0,1662.0,1641.0,1636.0,1641.0,1634.0,1631.0,1623.0,1597.0,1560.0,1526.0,1502.0,1483.0,1492.0,1486.0,1485.0,1513.0,1527.0,1528.0,1510.0,1467.0,1444.0,1398.0,1369.0,1348.0,1340.0,1337.0,1332.0,1324.0,1308.0,1304.0,1317.0,1307.0,1261.0,1311.0,1329.0,1356.0,1373.0,1290.0,1251.0,1267.0,1136.0,1150.0,1155.0,1152.0,1294.0,1335.0,1471.0,1294.0,1684.0,1487.0,1190.0,1171.0,615.506,613.682,609.284,608.0,603.946,599.11,595.597,590.657,,,,578.003,561.188,
aep-financials,Share-Based Compensation,0.0,0.0,0.0,0.0,0.0,0.0,0.0,0.0,0.0,0.0,0.0,0.0,0.0,0.0,0.0,0.0,0.0,0.0,0.0,0.0,0.0,0.0,0.0,0.0,0.0,0.0,0.0,0.0,0.0,0.0,0.0,0.0,0.0,0.0,0.0,0.0,0.0,0.0,0.0,0.0,0.0,0.0,0.0,0.0,0.0,0.0,0.0,0.0,0.0,0.0,0.0,0.0,0.0,0.0,0.0,0.0,0.0,0.0,0.0,0.0,0.0,0.0,0.0,0.0,0.0,0.0,0.0,0.0,0.0,0.0,0.0,0.0,0.0,0.0,0.0,0.0,0.0,0.0,0.0,0.0,0.0,0.0,0.0,0.0,0.0,0.0,0.0,0.0,0.0,0.0,0.0,0.0,0.0,0.0,0.0,0.0,0.0,0.0,0.0,0.0,0.0,0.0,0.0,0.0,0.0,0.0,0.0,0.0,0.0,0.0,0.0,0.0,0.0,,,,0.0,0.0,
aep-financials,Other Operating Activities,547.3,531.5,219.2,-179.6,-286.3,-1121.1,-932.2,-791.8,-222.0,-135.7,60.1,-72.9,-1609.3,-1325.5,-2009.6,-2022.0,-1186.5,-951.8,-530.1,-517.5,-302.0,44.8,620.0,834.4,1012.8,910.9,509.3,436.0,360.6,441.7,2019.4,1877.2,1946.1,1577.2,319.6,430.0,761.7,1043.4,920.3,1133.4,1082.1,1170.7,1273.7,1021.7,912.7,1038.0,636.0,672.0,763.0,63.0,53.0,178.0,187.0,824.0,732.0,631.0,-193.0,-604.0,-595.0,-807.0,-482.0,-441.0,-494.0,-405.0,-285.0,-133.0,-356.0,-206.0,-211.0,-400.0,153.0,98.0,263.0,258.0,-174.0,-416.0,-285.0,-348.0,-202.0,-13.0,298.0,1564.0,1744.0,1366.0,1083.0,1781.0,1306.0,1430.0,1230.0,656.0,694.0,427.0,580.0,-55.0,-448.0,-406.0,-278.0,-1043.0,-611.0,-611.0,-667.0,-628.0,-624.0,-146.0,-191.0,-128.62,101.598,21.266,79.0,97.241,61.634,65.321,58.975,,,,-51.296,-83.475,
aep-financials,Operating Cash Flow,6804.3,6413.4,6034.8,5736.6,5012.2,4230.5,4178.9,4383.6,5288.0,5600.1,5786.7,5579.3,3839.9,3883.7,3130.6,3100.0,3832.9,3842.4,4215.5,4077.5,4270.1,4640.5,5017.2,5229.3,5223.2,5078.8,4560.2,4265.8,4270.4,4225.0,4513.0,4526.2,4519.3,4316.2,4338.3,4360.5,4818.5,4819.3,4620.0,4738.4,4613.5,4780.7,4786.7,4482.7,4105.7,3932.0,3607.0,3684.0,3804.0,3362.0,3769.0,3834.0,3788.0,4298.0,3812.0,3490.0,2662.0,2306.0,2200.0,2160.0,2475.0,2393.0,2237.0,2267.0,2581.0,2823.0,2626.0,2674.0,2394.0,2166.0,2578.0,2500.0,2732.0,2374.0,2018.0,1793.0,1877.0,2132.0,2418.0,2481.0,2711.0,3022.0,2925.0,2635.0,2500.0,3077.0,2820.0,2849.0,2067.0,2399.0,2350.0,2214.0,2818.0,1778.0,1337.0,1143.0,1141.0,934.0,1443.0,1778.0,1599.0,2303.0,1910.0,2019.0,1955.0,1077.005,1201.58,1119.989,1198.0,1218.497,1249.197,1240.898,1237.062,,,,1056.61,977.725,
aep-financials,Operating Cash Flow Growth,0.3575475838952955,0.5159910176102116,0.4441120869128239,0.3086504243087873,-0.05215582450832068,-0.24456706130247674,-0.2778440216358201,-0.21431003889376798,0.37711919581239095,0.44194968715400273,0.8484316105538874,0.7997741935483871,0.0018262934070807368,0.010748490526754084,-0.25735974380263316,-0.23973022685469036,-0.10238636097515286,-0.17198577739467735,-0.15979032129474602,-0.22025892566882754,-0.18247434522897843,-0.08629991336536191,0.10021490285513801,0.22586619157016274,0.22311727238666168,0.20208284023668632,0.010458674939064938,-0.057531704299412345,-0.05507490098024026,-0.02112969741902604,0.04026922988267301,0.038000229331498714,-0.0620940126595414,-0.10439275413441784,-0.060974025974026014,-0.07975265912544316,0.044434810881109676,0.008074131403351004,-0.03482566277393606,0.05704151515827505,0.12368171079231316,0.21584435401831126,0.32705849736623227,0.21680238870792623,0.07931125131440586,0.16954193932183226,-0.04298222340143276,-0.03912363067292646,0.004223864836325308,-0.21777570963238713,-0.01128016789087094,0.09856733524355299,0.4229902329075883,0.8638334778837815,0.7327272727272727,0.6157407407407407,0.0755555555555556,-0.03635603844546598,-0.016540008940545414,-0.047198941332157074,-0.04106935296396741,-0.15232022670917467,-0.14813404417364817,-0.1522064323111444,0.07811194653299913,0.3033240997229918,0.018619084561675825,0.0696000000000001,-0.12371888726207902,-0.08761583824768326,0.2775024777006938,0.39431121026213045,0.45551411827384114,0.11350844277673544,-0.1654259718775848,-0.27730753728335344,-0.30763555883437843,-0.29450694904037067,-0.17333333333333334,-0.05844402277039851,0.08440000000000003,-0.01787455313617159,0.037234042553191404,-0.07511407511407509,0.2094823415578133,0.28261775739891615,0.19999999999999996,0.2868112014453479,-0.26650106458481193,0.3492688413948257,0.7576664173522811,0.9370078740157479,1.469763365468887,0.9036402569593147,-0.07345807345807343,-0.3571428571428571,-0.28642901813633526,-0.5944420321320018,-0.2445026178010471,-0.11936602278355624,-0.18209718670076724,1.1383373336242637,0.5895737279248989,0.8026962764812868,0.6318864774624373,-0.11612010534289374,-0.03811808705912678,-0.09743669503859298,-0.031576428667277834,,,,0.17078392216617289,,,,,,
aep-financials,Capital Expenditures,-8030.2,-6781.0,-6656.4,-7059.4,-7533.5,-7844.3,-7729.0,-7220.9,-7879.0,-8181.2,-7873.1,-7725.1,-6426.8,-5757.3,-5900.5,-6049.2,-6246.3,-6405.8,-6309.6,-6278.7,-6051.4,-5958.5,-6074.2,-5970.5,-6310.9,-6601.5,-6404.3,-6231.3,-3531.7,-3012.7,-2846.1,-2783.8,-4781.1,-4612.3,-4612.3,-4634.5,-4508.0,-4515.7,-4428.5,-4300.0,-4130.0,-4032.4,-3862.4,-3680.4,-3616.4,-3398.0,-3291.0,-3127.0,-3025.0,-2928.0,-2927.0,-2870.0,-2669.0,-2565.0,-2354.0,-2276.0,-2345.0,-2298.0,-2349.0,-2504.0,-2792.0,-3347.0,-3739.0,-3919.0,-3800.0,-3537.0,-3341.0,-3427.0,-3556.0,-3695.0,-3740.0,-3670.0,-3528.0,-3004.0,-2995.0,-2735.0,-2404.0,-2418.0,-1967.0,-1766.0,-1637.0,-1433.0,-1373.0,-1335.0,-1322.0,-1484.0,-1540.0,-1677.0,-1685.0,-1596.0,-1618.0,-1631.0,-1646.0,-1451.0,-1472.0,-1407.0,-1468.0,-1737.0,-1756.0,-1844.0,-1680.0,-2335.0,-2090.0,-1795.0,-1736.0,-821.578,-811.507,-787.313,-760.0,-717.06,-695.627,-615.649,-577.691,,,,-585.407,-593.655,
aep-financials,Acquisitions,362.2,370.8,1341.4,1341.4,1341.4,1337.9,9.5,218.0,218.0,970.0,584.2,118.9,118.9,-564.3,-185.7,71.1,71.1,2.9,-337.2,-918.4,-918.4,-921.3,-581.2,0.0,0.0,0.0,0.0,0.0,0.0,-107.9,-107.9,-107.9,-107.9,-5.3,-5.3,-5.3,-5.3,-19.8,-19.8,-21.8,-64.8,-85.0,-84.0,-73.0,-32.0,8.0,11.0,-1.0,-76.0,-78.0,-60.0,-40.0,-110.0,-220.0,-233.0,-254.0,32.0,130.0,80.0,141.0,174.0,132.0,171.0,84.0,-70.0,130.0,51.0,-340.0,-290.0,-368.0,-285.0,143.0,186.0,-233.0,-136.0,173.0,1246.0,1754.0,2726.0,2501.0,1357.0,1235.0,172.0,87.0,82.0,196.0,1304.0,1298.0,1263.0,574.0,-542.0,-621.0,-621.0,-79.0,-79.0,0.0,0.0,0.0,0.0,0.0,0.0,-1054.0,-1054.0,-1054.0,-1054.0,-2.205,-6.795,-364.0,-364.0,-361.795,-357.205,0.0,0.0,,,,0.0,0.0,
aep-financials,Change in Investments,69.5,50.6,41.8,47.7,-68.5,-65.2,-59.8,-49.0,-40.4,-47.9,-32.6,-52.7,-53.7,-38.6,-48.4,-49.5,-34.5,-41.0,-62.9,-60.4,-81.8,-94.8,-62.4,-59.0,-57.8,-51.5,-60.7,-57.6,-58.4,-173.5,-134.2,-171.2,-44.6,-11.3,-8.8,-31.3,-64.3,-50.6,-31.3,-38.8,-87.3,-83.2,-131.2,-100.2,-80.2,-64.0,-56.0,-99.0,-86.0,-93.0,-42.0,23.0,66.0,29.0,-69.0,-112.0,-105.0,-114.0,-58.0,-69.0,-89.0,431.0,-28.0,147.0,40.0,-522.0,13.0,-220.0,13.0,-68.0,-185.0,-34.0,-312.0,-61.0,157.0,36.0,174.0,359.0,46.0,90.0,78.0,-536.0,-399.0,-313.0,-377.0,-48.0,-61.0,-84.0,-84.0,0.0,0.0,0.0,0.0,0.0,0.0,0.0,0.0,0.0,0.0,0.0,0.0,10.0,0.0,0.0,0.0,-2.759,0.0,0.0,0.0,-7.241,0.0,0.0,0.0,,,,0.0,0.0,
aep-financials,Other Investing Activities,2.0,-33.1,22.3,-20.5,-6.1,-1.2,-39.0,-51.9,-50.4,-91.1,-81.6,-34.0,-72.3,-72.6,-81.5,-74.5,-24.2,-50.3,-87.4,-70.2,-92.9,-47.9,8.1,20.9,15.1,30.6,-33.5,-71.5,-66.3,-46.5,-55.5,-69.2,-113.0,422.3,493.3,525.6,553.8,13.2,-48.8,-81.0,-123.9,-176.6,-165.6,-173.6,-89.6,-176.0,-168.0,-144.0,-204.0,-105.0,-111.0,-182.0,-177.0,-159.0,-155.0,-64.0,-105.0,-112.0,-103.0,-187.0,-209.0,-279.0,-264.0,-172.0,-197.0,-118.0,-162.0,-200.0,-88.0,-90.0,-88.0,-60.0,-89.0,-104.0,-61.0,-71.0,-21.0,-51.0,-111.0,-126.0,-127.0,-57.0,25.0,78.0,-681.0,-647.0,-669.0,-668.0,44.0,-969.0,-928.0,-1166.0,-1025.0,-43.0,-55.0,111.0,-18.0,4.0,-16.0,-8.0,7.0,-80.0,-91.0,-51.0,-54.0,2.0,2.0,-7.048,2.0,12.283,12.283,13.331,12.283,,,,,,
aep-financials,Investing Cash Flow,-7596.5,-6392.7,-5250.9,-5690.8,-6266.7,-6572.8,-7818.3,-7103.8,-7751.8,-7350.2,-7403.1,-7692.9,-6433.9,-6432.8,-6216.1,-6102.1,-6233.9,-6494.2,-6797.1,-7327.7,-7144.5,-7022.5,-6709.7,-6008.6,-6353.6,-6622.4,-6498.5,-6360.4,-3656.4,-3340.6,-3143.7,-3132.1,-5046.6,-4206.6,-4133.1,-4145.5,-4023.8,-4572.9,-4528.4,-4441.6,-4406.0,-4377.2,-4243.2,-4027.2,-3818.2,-3630.0,-3504.0,-3371.0,-3391.0,-3204.0,-3140.0,-3069.0,-2890.0,-2915.0,-2811.0,-2706.0,-2523.0,-2394.0,-2430.0,-2619.0,-2916.0,-3063.0,-3860.0,-3860.0,-4027.0,-4047.0,-3439.0,-4187.0,-3921.0,-4221.0,-4298.0,-3621.0,-3743.0,-3402.0,-3035.0,-2597.0,-1005.0,-356.0,694.0,699.0,-329.0,-791.0,-1575.0,-1483.0,-2298.0,-1983.0,-966.0,-1131.0,-462.0,-1991.0,-3088.0,-3418.0,-3292.0,-1573.0,-1606.0,-1296.0,-1486.0,-1733.0,-1772.0,-1852.0,-1673.0,-3459.0,-3235.0,-2900.0,-2844.0,-824.542,-816.302,-1158.361,-1122.0,-1073.813,-1040.549,-602.318,-565.408,,,,-585.407,-593.655,
aep-financials,Dividends Paid,-1903.9,-1874.0,-1832.8,-1795.5,-1760.4,-1726.5,-1705.3,-1678.2,-1645.2,-1609.3,-1576.5,-1546.3,-1519.5,-1491.9,-1466.8,-1433.2,-1424.9,-1403.7,-1386.5,-1380.1,-1350.0,-1335.0,-1309.4,-1283.0,-1255.5,-1239.4,-1221.2,-1206.6,-1191.9,-1166.2,-1152.8,-1135.9,-1121.0,-1105.4,-1090.0,-1074.5,-1059.0,-1045.0,-1029.7,-1013.6,-997.6,-981.3,-975.3,-969.3,-954.3,-938.0,-927.0,-917.0,-916.0,-917.0,-910.0,-904.0,-898.0,-890.0,-871.0,-850.0,-824.0,-796.0,-793.0,-786.0,-758.0,-730.0,-697.0,-668.0,-666.0,-669.0,-658.0,-648.0,-636.0,-621.0,-611.0,-600.0,-591.0,-582.0,-571.0,-561.0,-553.0,-548.0,-551.0,-555.0,-555.0,-554.0,-553.0,-553.0,-618.0,-682.0,-748.0,-803.0,-793.0,-783.0,-773.0,-773.0,-773.0,-773.0,-773.0,-789.0,-805.0,-821.0,-835.0,-927.0,-833.0,-1108.0,-1015.0,-828.0,-827.0,-456.315,-455.83,-454.057,-453.0,-452.387,-451.335,-450.313,-449.353,,,,-445.831,-443.101,
aep-financials,Share Issuance / Repurchase,552.1,553.3,1397.8,999.1,999.6,958.6,91.4,58.1,826.5,879.7,1156.3,1225.4,600.5,566.5,300.9,283.5,155.0,157.1,144.0,106.9,65.3,55.8,55.0,55.9,73.6,74.7,63.1,44.4,12.2,0.0,3.3,22.1,34.2,47.9,56.7,63.3,81.6,78.5,100.4,89.0,73.6,85.2,71.2,83.2,83.2,80.0,74.0,67.0,83.0,86.0,93.0,92.0,92.0,98.0,100.0,98.0,93.0,87.0,82.0,1706.0,1728.0,1759.0,1775.0,162.0,159.0,134.0,126.0,135.0,144.0,191.0,183.0,148.0,99.0,33.0,380.0,397.0,-25.0,-30.0,-393.0,-410.0,17.0,13.0,11.0,9.0,1142.0,1142.0,1142.0,1785.0,656.0,658.0,658.0,22.0,11.0,11.0,11.0,16.0,14.0,12.0,41.0,63.0,93.0,126.0,118.0,108.0,96.0,81.955,79.977,76.428,77.0,74.169,71.363,70.46,65.461,,,,48.707,22.256,
aep-financials,Debt Issued / Paid,2060.8,1245.2,-405.6,693.6,1916.4,3004.5,5058.4,4103.7,3493.0,1793.1,2358.8,2913.0,3567.7,4559.8,4335.9,2991.7,3865.6,3951.7,3998.6,5903.5,4173.4,3232.6,2963.4,2068.3,2370.0,3170.0,3153.7,3276.7,578.4,323.2,-351.0,-390.3,1606.4,1080.3,975.5,883.4,301.0,726.5,862.5,535.8,767.4,547.2,434.2,552.2,427.2,254.0,569.0,421.0,473.0,627.0,123.0,-236.0,-104.0,-1133.0,-646.0,-219.0,402.0,1004.0,1428.0,-345.0,-442.0,191.0,687.0,2647.0,2169.0,1891.0,1355.0,1918.0,1920.0,2402.0,2099.0,1583.0,1357.0,944.0,794.0,-83.0,-147.0,-1117.0,-2072.0,-1729.0,-2238.0,-2310.0,-1145.0,-1001.0,-743.0,-197.0,-1456.0,-1582.0,-868.0,-250.0,245.0,1331.0,460.0,-128.0,937.0,642.0,903.0,1741.0,1263.0,1201.0,1288.0,2259.0,2370.0,1854.0,1808.0,178.435,71.701,513.525,767.0,676.626,621.027,84.128,-239.417,,,,101.849,4.242,
aep-financials,Other Financing Activities,-49.8,-53.1,-46.1,-54.7,-78.6,-64.5,-75.6,-95.4,-105.4,-162.8,-60.7,-77.0,-41.6,-122.4,-229.5,-186.7,-189.0,-79.3,-59.5,-72.4,-25.8,-19.1,-14.1,-15.3,-26.2,-15.0,-14.3,-2.8,-3.6,-13.3,-21.8,-31.5,-15.7,-106.6,-104.4,-95.8,-113.0,-22.1,-19.1,-9.1,-5.9,-7.8,-0.8,-8.8,-4.8,6.0,1.0,9.0,5.0,-57.0,-55.0,-56.0,-61.0,-2.0,-5.0,-6.0,-6.0,6.0,-7.0,-8.0,-8.0,-11.0,-2.0,7.0,17.0,10.0,36.0,4.0,-24.0,20.0,-28.0,-27.0,46.0,43.0,56.0,66.0,-66.0,-166.0,-152.0,-138.0,-64.0,-67.0,-67.0,-294.0,-290.0,-227.0,-237.0,324.0,324.0,318.0,1073.0,739.0,739.0,744.0,-21.0,-21.0,-21.0,-348.0,-213.0,-213.0,-213.0,87.0,-28.0,-28.0,-28.0,0.234,0.234,-50.068,-433.0,-464.029,-465.938,-446.193,-70.761,,,,-158.839,52.838,
aep-financials,Financing Cash Flow,659.2,-128.6,-886.7,-157.5,1077.0,2172.1,3368.9,2388.2,2568.9,900.7,1877.9,2515.1,2607.1,3512.0,2940.5,1655.3,2406.7,2625.8,2696.6,4557.9,2862.9,1934.3,1694.9,825.9,1161.9,1990.3,1981.3,2111.7,-604.9,-856.3,-1522.3,-1535.6,503.9,-83.8,-162.2,-223.6,-789.4,-262.1,-85.9,-397.9,-162.5,-356.7,-470.7,-342.7,-448.7,-598.0,-283.0,-420.0,-355.0,-261.0,-749.0,-1104.0,-971.0,-1927.0,-1422.0,-977.0,-335.0,301.0,710.0,567.0,520.0,1209.0,1763.0,2148.0,1679.0,1366.0,859.0,1409.0,1404.0,1992.0,1643.0,1104.0,911.0,438.0,659.0,-181.0,-791.0,-1861.0,-3168.0,-2832.0,-2840.0,-2918.0,-1754.0,-1839.0,-509.0,36.0,-1299.0,-276.0,-681.0,-57.0,1203.0,1319.0,437.0,-146.0,154.0,-152.0,91.0,584.0,256.0,124.0,335.0,1364.0,1445.0,1106.0,1049.0,-195.691,-303.918,85.828,-42.0,-165.621,-224.883,-741.918,-694.07,,,,-454.114,-363.765,
aep-financials,Net Cash Flow,-133.0,-107.9,-102.8,-111.7,-177.5,-170.2,-270.5,-332.0,105.1,-849.4,261.5,401.5,13.1,962.9,-145.0,-1346.8,5.7,-26.0,115.0,1307.7,-11.5,-447.7,2.4,46.6,31.5,446.7,43.0,17.1,9.1,28.1,-153.0,-141.5,-23.4,25.8,43.0,-8.6,5.3,-15.7,5.7,-101.1,45.0,46.8,72.8,112.8,-161.2,-296.0,-180.0,-107.0,58.0,-103.0,-120.0,-339.0,-73.0,-544.0,-421.0,-193.0,-196.0,213.0,480.0,108.0,79.0,539.0,140.0,555.0,233.0,142.0,46.0,-104.0,-123.0,-63.0,-77.0,-17.0,-100.0,-590.0,-358.0,-985.0,81.0,-85.0,-56.0,348.0,-458.0,-687.0,-404.0,-687.0,-307.0,1130.0,566.0,1453.0,921.0,354.0,450.0,107.0,-38.0,75.0,-78.0,-279.0,-224.0,-208.0,-78.0,45.0,259.0,206.0,116.0,225.0,160.0,56.772,81.36,47.456,34.0,-20.937,-16.235,-103.338,-22.416,,,,17.089,20.305,
aep-financials,Free Cash Flow,-1225.9,-367.6,-621.6,-1322.8,-2521.3,-3613.8,-3550.1,-2837.3,-2591.0,-2581.1,-2086.4,-2145.8,-2586.9,-1873.6,-2769.9,-2949.2,-2413.4,-2563.4,-2094.1,-2201.2,-1781.3,-1318.0,-1057.0,-741.2,-1087.7,-1522.7,-1844.1,-1965.5,738.7,1212.3,1666.9,1742.4,-261.8,-296.1,-274.0,-274.0,310.5,303.6,191.5,438.4,483.5,748.3,924.3,802.3,489.3,534.0,316.0,557.0,779.0,434.0,842.0,964.0,1119.0,1733.0,1458.0,1214.0,317.0,8.0,-149.0,-344.0,-317.0,-954.0,-1502.0,-1652.0,-1219.0,-714.0,-715.0,-753.0,-1162.0,-1529.0,-1162.0,-1170.0,-796.0,-630.0,-977.0,-942.0,-527.0,-286.0,451.0,715.0,1074.0,1589.0,1552.0,1300.0,1178.0,1593.0,1280.0,1172.0,382.0,803.0,732.0,583.0,1172.0,327.0,-135.0,-264.0,-327.0,-803.0,-313.0,-66.0,-81.0,-32.0,-180.0,224.0,219.0,255.427,390.073,332.676,438.0,501.437,553.57,625.249,659.371,,,,471.203,384.07,
aep-financials,Free Cash Flow Growth,,,,,,,,,,,,,,,,,,,,,,,,,,,,,,,,,,,,,-0.35780765253360913,-0.5942803688360283,-0.7928161852212485,-0.4535709834226599,-0.01185366850602898,0.40131086142322103,1.9249999999999998,0.44039497307001785,-0.3718870346598203,0.2304147465437787,-0.6247030878859858,-0.4221991701244814,-0.30384271671134944,-0.7495672244662435,-0.4224965706447188,-0.20593080724876445,2.529968454258675,215.625,,,,,,,,,,,,,,,,,,,,,,,,,-0.7094072164948453,-0.44999999999999996,-0.0882852292020373,-0.0025109855618330457,0.2124999999999999,0.10921501706484649,2.0837696335078535,0.983810709838107,0.7486338797814207,1.0102915951972555,-0.6740614334470989,1.45565749235474,,,,,,,,,,,,,,-0.3266721975736152,-0.5,-0.4906099868976561,-0.2953501815488556,-0.4679303765379873,-0.3357305674650538,,,,0.3993353183235251,,,,,,
aep-financials,Free Cash Flow Margin,-0.06216121655266134,-0.018752997112568996,-0.031838064311250885,-0.06847818771968878,-0.13282373579597836,-0.18737750308510748,-0.18233130976960135,-0.14374955668818207,-0.1319280022403829,-0.13714810996928767,-0.11645001590694715,-0.12545970123074224,-0.15405550262029538,-0.11465498249822534,-0.17548116518632084,-0.19086078914840054,-0.16177229614237357,-0.17176475318113898,-0.1380194430713462,-0.14432110987995095,-0.11446913516778696,-0.08370113993585876,-0.06704895779150756,-0.04574122758297232,-0.06715980167575344,-0.09396482567108917,-0.11542505914900542,-0.12648086538523415,0.04789009977374246,0.07869727224335588,0.10449407914945368,0.10710268309924087,-0.015982808407763078,-0.0182724765037304,-0.017142249388447123,-0.0172135421574725,0.01887170884691124,0.018225367839069282,0.011685593463390225,0.026401686239084614,0.02952022761408179,0.04652883569096845,0.05741885385929492,0.05131271785360238,0.03303068147298073,0.03513851418043035,0.020820979113131712,0.036775386240591575,0.052124456339913014,0.029371954520844613,0.05630977061459239,0.06421957231363666,0.07402752050807092,0.11472262677081954,0.09826784390375413,0.08321908417877708,0.021972690094960837,0.0005604203152364273,-0.010830062509085622,-0.025294117647058825,-0.023500630143079546,-0.07096630216469538,-0.10662312770639597,-0.11447578130413692,-0.08441828254847646,-0.04930939226519337,-0.05078846427049297,-0.055051908173709606,-0.08684603886397609,-0.11682457212713937,-0.09012642519196463,-0.09224946779153197,-0.06306449057201712,-0.05025125628140704,-0.07961861298997637,-0.07750534803356919,-0.04351416068037321,-0.022168824122161073,0.03377265238879736,0.05126918112720493,0.0753948753948754,0.11179905720115388,0.10798024072914493,0.09020260893699694,0.07941751500033709,0.11203319502074689,0.09085101852509049,0.08241912798874824,0.028450137782080883,0.0608656105510498,0.05571200243549737,0.024592930059900448,0.09189994511095428,0.018575323790047716,-0.005303476723629935,-0.013577453198930261,-0.028871622814762493,-0.019493130067485556,-0.009451053807597077,-0.0023619511147693517,-0.0032733885633461305,-0.0021203286509408957,-0.01341481591891489,0.01864646632814451,0.01849662162162162,0.039874463355666814,0.06361504250075793,0.05584687819952926,0.07388663967611336,0.08492726755077773,0.09536518351643372,0.10736612654678732,0.11272775204411381,,,,0.08309974904458824,0.06977166660308429,
aep-financials,Free Cash Flow Per Share,-2.313,-0.691,-1.175,-2.512,-4.859,-6.943,-6.895,-5.518,-5.062,-5.024,-4.062,-4.24,-5.168,-3.738,-5.541,-5.933,-4.868,-5.166,-4.225,-4.45,-3.608,-2.669,-2.141,-1.503,-2.207,-3.089,-3.743,-3.993,1.502,2.465,3.389,3.544,-0.533,-0.602,-0.558,-0.558,0.633,0.619,0.391,0.895,0.99,1.531,1.893,1.645,1.006,1.097,0.65,1.147,1.607,0.895,1.738,1.992,2.321,3.592,3.025,2.523,0.661,0.017,-0.311,-0.719,-0.691,-2.0,-3.181,-4.061,-3.032,-1.775,-1.781,-1.879,-2.914,-3.83,-2.915,-2.945,-2.019,-1.599,-2.481,-2.393,-1.351,-0.735,1.174,1.819,2.715,4.013,3.919,3.291,3.06,4.033,3.241,3.292,1.151,2.369,2.245,1.811,3.64,1.016,-0.419,-0.82,-1.016,-2.494,-0.972,-0.205,-0.252,-0.1,-0.562,1.167,0.689,1.337,2.042,1.751,2.317,2.649,2.932,3.32,3.52,,,,2.535,2.08,
nee-financials,Net Income,6946.0,6952.0,6319.0,7492.0,7310.0,7622.0,8099.0,6684.0,4147.0,3829.0,2580.0,1456.0,3573.0,2364.0,3146.0,4165.0,2919.0,3900.0,3550.0,3509.0,3769.0,3215.0,3341.0,2888.0,6638.0,8374.0,8216.0,8228.0,5380.0,4183.0,4089.0,3836.0,2906.0,2453.0,2579.0,2755.0,2752.0,3129.0,2910.0,2686.0,2465.0,1909.0,1947.0,2065.0,1908.0,2009.0,1726.0,1723.0,1911.0,2150.0,2142.0,2115.0,1923.0,1518.0,1831.0,1668.0,1957.0,2041.0,1854.0,1807.0,1615.0,1674.0,1915.0,1754.0,1639.0,1456.0,1215.0,1411.0,1312.0,1356.0,1350.0,1181.0,1281.0,1236.0,1048.0,1015.0,901.0,860.0,841.0,895.0,896.0,860.0,871.0,853.0,890.0,874.0,693.0,704.0,473.0,462.0,646.0,615.0,781.0,728.0,708.0,693.0,704.0,759.0,736.0,609.0,697.0,670.0,666.0,765.0,664.0,618.0,593.0,581.0,618.0,611.859,599.975,586.288,579.0,,,,553.0,518.711,
nee-financials,Depreciation & Amortization,5462.0,5556.0,5871.0,5955.0,5879.0,5443.0,4775.0,4440.0,4503.0,4296.0,4237.0,4060.0,3924.0,3904.0,3953.0,3953.0,4052.0,4077.0,4093.0,4292.0,4216.0,4339.0,4175.0,3827.0,3911.0,2600.0,2540.0,2594.0,2357.0,3434.0,3346.0,3202.0,3120.0,3011.0,2826.0,2821.0,2831.0,2774.0,2759.0,2635.0,2551.0,2499.0,2321.0,2207.0,2163.0,1920.0,1781.0,1617.0,1518.0,1452.0,1482.0,1556.0,1567.0,1694.0,1728.0,1705.0,1788.0,1818.0,1721.0,1770.0,1765.0,1694.0,1609.0,1518.0,1442.0,1446.0,1408.0,1373.0,1335.0,1211.0,1187.0,1162.0,1143.0,1167.0,1202.0,1221.0,1242.0,1210.0,1176.0,1160.0,1153.0,1149.0,1133.0,1102.0,1060.0,998.0,941.0,904.0,908.0,936.0,1454.0,1235.0,983.0,1764.0,1032.0,1032.0,1032.0,1040.0,1040.0,1040.0,1040.0,1284.0,1284.0,1284.0,1284.0,1061.0,1061.0,793.0,1061.0,202.659,460.419,960.345,960.0,,,,918.0,723.856,
nee-financials,Share-Based Compensation,0.0,0.0,0.0,0.0,0.0,0.0,0.0,0.0,0.0,0.0,0.0,0.0,0.0,0.0,0.0,0.0,0.0,0.0,0.0,0.0,0.0,0.0,0.0,0.0,0.0,0.0,0.0,0.0,0.0,0.0,0.0,0.0,0.0,0.0,0.0,0.0,0.0,0.0,0.0,0.0,0.0,0.0,0.0,0.0,0.0,0.0,0.0,0.0,0.0,0.0,0.0,0.0,0.0,0.0,0.0,0.0,0.0,0.0,0.0,0.0,0.0,0.0,0.0,0.0,0.0,0.0,0.0,0.0,0.0,0.0,0.0,0.0,0.0,0.0,0.0,0.0,0.0,0.0,0.0,0.0,0.0,0.0,0.0,0.0,0.0,0.0,0.0,0.0,0.0,0.0,0.0,0.0,0.0,0.0,0.0,0.0,0.0,0.0,0.0,0.0,0.0,0.0,0.0,0.0,0.0,0.0,0.0,0.0,0.0,0.0,0.0,0.0,0.0,,,,0.0,0.0,
nee-financials,Other Operating Activities,852.0,1649.0,1362.0,-742.0,-1888.0,-3647.0,-4646.0,-3151.0,-388.0,459.0,2034.0,2707.0,56.0,1320.0,587.0,-737.0,1012.0,566.0,1023.0,651.0,170.0,51.0,-578.0,184.0,-3956.0,-4614.0,-4613.0,-4331.0,-1279.0,-1213.0,-1085.0,-956.0,343.0,1406.0,1020.0,877.0,506.0,142.0,317.0,343.0,484.0,1272.0,1032.0,765.0,1031.0,296.0,807.0,899.0,563.0,512.0,387.0,255.0,584.0,970.0,518.0,548.0,89.0,47.0,492.0,739.0,1083.0,1002.0,-45.0,-143.0,322.0,304.0,1188.0,907.0,946.0,1257.0,1337.0,1491.0,74.0,-1952.0,-1023.0,-1020.0,-596.0,784.0,-304.0,-138.0,601.0,948.0,949.0,560.0,304.0,-153.0,309.0,726.0,957.0,1109.0,420.0,249.0,178.0,-908.0,-663.0,-696.0,-760.0,-699.0,-555.0,-286.0,-174.0,-225.0,-114.0,-80.0,-205.0,-47.0,-13.0,166.0,-82.0,959.293,660.522,69.687,53.0,,,,39.0,139.386,
nee-financials,Operating Cash Flow,13260.0,14157.0,13552.0,12705.0,11301.0,9418.0,8228.0,7973.0,8262.0,8584.0,8851.0,8223.0,7553.0,7588.0,7686.0,7381.0,7983.0,8543.0,8666.0,8452.0,8155.0,7605.0,6938.0,6899.0,6593.0,6360.0,6143.0,6491.0,6458.0,6404.0,6350.0,6082.0,6369.0,6870.0,6425.0,6453.0,6089.0,6045.0,5986.0,5664.0,5500.0,5680.0,5300.0,5037.0,5102.0,4225.0,4314.0,4239.0,3992.0,4114.0,4011.0,3926.0,4074.0,4182.0,4077.0,3921.0,3834.0,3906.0,4067.0,4316.0,4463.0,4370.0,3479.0,3129.0,3403.0,3206.0,3811.0,3691.0,3593.0,3824.0,3874.0,3834.0,2498.0,451.0,1227.0,1216.0,1547.0,2854.0,1713.0,1917.0,2650.0,2957.0,2953.0,2515.0,2254.0,1719.0,1943.0,2334.0,2338.0,2507.0,2520.0,2099.0,1942.0,1584.0,1077.0,1029.0,976.0,1100.0,1221.0,1363.0,1563.0,1729.0,1836.0,1969.0,1743.0,1632.0,1641.0,1540.0,1597.0,1773.811,1720.916,1616.32,1592.0,,,,1510.0,1381.953,
nee-financials,Operating Cash Flow Growth,0.17334749137244487,0.5031853896793375,0.6470588235294117,0.5935030728709394,0.36782861292665214,0.09715750232991605,-0.07038752683312621,-0.030402529490453634,0.09386998543625058,0.13125988402741173,0.15157429091855312,0.11407668337623633,-0.05386446198171113,-0.11178742830387456,-0.11308562197092087,-0.12671557027922387,-0.021091354996934375,0.1233399079552926,0.24906313058518315,0.22510508769386872,0.2369179432731685,0.195754716981132,0.12941559498616306,0.06285626251733167,0.020904304738309065,-0.006870705808869504,-0.03259842519685041,0.06724761591581707,0.013973936253729002,-0.06783114992721984,-0.011673151750972721,-0.057492639082597274,0.045984562325505074,0.1364764267990075,0.07333778817240222,0.13930084745762716,0.10709090909090913,0.06426056338028174,0.12943396226415094,0.12447885646217993,0.07800862406899256,0.344378698224852,0.2285581826611034,0.18825194621372976,0.2780561122244489,0.026981040350024355,0.0755422587883321,0.07972491085073874,-0.020127638684339755,-0.016260162601625994,-0.016188373804267853,0.0012751849018106665,0.06259780907668233,0.07066052227342556,0.002458814851241664,-0.09151992585727531,-0.1409365897378445,-0.1061784897025172,0.16901408450704225,0.37935442633429206,0.3114898618865707,0.363069245165315,-0.08711624245604832,-0.1522622595502574,-0.052880601168939556,-0.16161087866108792,-0.016262261228704222,-0.037297861241523234,0.4383506805444355,7.478935698447893,2.157294213528932,2.1529605263157894,0.6147382029734971,-0.8419761737911703,-0.2837127845884413,-0.3656755346896192,-0.41622641509433966,-0.03483260060872506,-0.4199119539451406,-0.23777335984095427,0.17568766637089617,0.7201861547411286,0.5198147195059186,0.07754927163667524,-0.0359281437125748,-0.31431990426804945,-0.22896825396825393,0.11195807527393997,0.203913491246138,0.5827020202020201,1.3398328690807801,1.0398445092322643,0.9897540983606556,0.43999999999999995,-0.11793611793611791,-0.24504768892149675,-0.37555982085732564,-0.3637941006362059,-0.33496732026143794,-0.3077704418486541,-0.10327022375215145,0.05943627450980382,0.11882998171846437,0.27857142857142847,0.09142141515341273,-0.07994707440646154,-0.046438059730980474,-0.04721837259948525,0.003140703517587884,,,,0.054304635761589504,,,,,,
nee-financials,Capital Expenditures,-8514.0,-8766.0,-9361.0,-9722.0,-9548.0,-10619.0,-10015.0,-9736.0,-9742.0,-9201.0,-8913.0,-8554.0,-7830.0,-7561.0,-7455.0,-7543.0,-7759.0,-7259.0,-7022.0,-6388.0,-5912.0,-5584.0,-5892.0,-5987.0,-5959.0,-5928.0,-5277.0,-4851.0,-5405.0,-4830.0,-4724.0,-4817.0,-4240.0,-4385.0,-4452.0,-4311.0,-3872.0,-3648.0,-3027.0,-3113.0,-3429.0,-3393.0,-3708.0,-3335.0,-2976.0,-3274.0,-3514.0,-4110.0,-4556.0,-4785.0,-5285.0,-5010.0,-4592.0,-3954.0,-3144.0,-2912.0,-2947.0,-3034.0,-3181.0,-3130.0,-2938.0,-2816.0,-2615.0,-2526.0,-2521.0,-2494.0,-2422.0,-2242.0,-2167.0,-2108.0,-1980.0,-2049.0,-2038.0,-1978.0,-1940.0,-1894.0,-1731.0,-1692.0,-1582.0,-1517.0,-1541.0,-1510.0,-1580.0,-1549.0,-1425.0,-1439.0,-1359.0,-1305.0,-1277.0,-1251.0,-1255.0,-1221.0,-1282.0,-1322.0,-1322.0,-1419.0,-1387.0,-971.0,-945.0,-784.0,-663.0,-615.0,-533.0,-503.0,-482.0,-627.0,-605.0,-557.0,-508.0,-382.261,-395.032,-399.492,-405.0,,,,-661.0,-635.678,
nee-financials,Acquisitions,0.0,924.0,924.0,924.0,924.0,0.0,0.0,0.0,0.0,0.0,0.0,0.0,0.0,0.0,0.0,0.0,0.0,-237.0,-461.0,-614.0,-5165.0,-4928.0,-4704.0,-4551.0,0.0,-28.0,-28.0,-30.0,1454.0,1482.0,1824.0,1837.0,645.0,671.0,542.0,637.0,345.0,319.0,106.0,0.0,0.0,0.0,0.0,0.0,0.0,0.0,0.0,0.0,0.0,0.0,0.0,0.0,0.0,0.0,0.0,0.0,0.0,0.0,0.0,0.0,0.0,0.0,0.0,0.0,0.0,0.0,0.0,0.0,0.0,0.0,0.0,0.0,0.0,0.0,0.0,0.0,0.0,0.0,0.0,126.0,126.0,126.0,126.0,0.0,0.0,0.0,0.0,0.0,0.0,0.0,0.0,0.0,0.0,0.0,0.0,0.0,0.0,0.0,0.0,-57.0,0.0,-60.0,-16.0,56.0,220.0,291.0,268.0,261.0,53.0,83.0,62.0,54.0,41.0,,,,0.0,0.0,
nee-financials,Change in Investments,-178.0,-283.0,-514.0,-325.0,-1051.0,-1349.0,-1429.0,-1454.0,-729.0,-650.0,-421.0,-360.0,-315.0,-306.0,-170.0,-264.0,-184.0,-206.0,-214.0,-102.0,-152.0,-131.0,-161.0,381.0,314.0,406.0,504.0,-81.0,-30.0,-57.0,-113.0,-107.0,-53.0,-86.0,-90.0,-89.0,-131.0,-145.0,286.0,265.0,292.0,322.0,-105.0,-86.0,-65.0,-45.0,-54.0,-94.0,-118.0,-160.0,-153.0,-109.0,-119.0,-122.0,-123.0,-99.0,-102.0,-126.0,-103.0,-147.0,-127.0,-537.0,-614.0,-628.0,-636.0,-205.0,-170.0,-230.0,-236.0,-233.0,-208.0,-105.0,-95.0,208.0,328.0,301.0,286.0,82.0,-5.0,40.0,85.0,18.0,13.0,13.0,13.0,0.0,0.0,0.0,0.0,0.0,0.0,0.0,0.0,0.0,0.0,0.0,0.0,0.0,0.0,0.0,0.0,0.0,0.0,0.0,0.0,0.0,0.0,0.0,0.0,0.0,0.0,0.0,0.0,,,,0.0,0.0,
nee-financials,Other Investing Activities,-13572.0,-14949.0,-15828.0,-15848.0,-13792.0,-11319.0,-10421.0,-10293.0,-7888.0,-5744.0,-5404.0,-4950.0,-5446.0,-8471.0,-8050.0,-7177.0,-5756.0,-5218.0,-5774.0,-5263.0,-4948.0,-4209.0,-3729.0,-4071.0,-5305.0,-5078.0,-3958.0,-3953.0,-4937.0,-4509.0,-5110.0,-4948.0,-4398.0,-5702.0,-5679.0,-6350.0,-4338.0,-4286.0,-4375.0,-3235.0,-3224.0,-2864.0,-2630.0,-2966.0,-3082.0,-3374.0,-4124.0,-4307.0,-4254.0,-2413.0,-1503.0,-1078.0,-568.0,-2074.0,-2093.0,-1989.0,-2235.0,-2313.0,-2513.0,-2923.0,-2870.0,-2616.0,-2470.0,-2562.0,-2651.0,-1854.0,-2677.0,-2441.0,-2175.0,-2442.0,-1287.0,-1273.0,-1674.0,-1436.0,-1400.0,-1085.0,-720.0,-756.0,-646.0,-611.0,-542.0,-881.0,-1056.0,-1495.0,-1677.0,-2289.0,-2279.0,-2097.0,-1990.0,-1342.0,-1649.0,-1981.0,-1987.0,-1658.0,-1153.0,-733.0,-556.0,-697.0,-658.0,-1398.0,-1509.0,-1338.0,-1303.0,-381.0,-533.0,-593.0,-571.0,-721.0,-342.0,-319.093,-327.313,-104.214,-162.0,,,,-41.0,61.744,
nee-financials,Investing Cash Flow,-22264.0,-23074.0,-24779.0,-24971.0,-23467.0,-23287.0,-21865.0,-21483.0,-18359.0,-15595.0,-14738.0,-13864.0,-13591.0,-16338.0,-15675.0,-14984.0,-13699.0,-12920.0,-13471.0,-12367.0,-16177.0,-14852.0,-14486.0,-14228.0,-10950.0,-10628.0,-8759.0,-8915.0,-8918.0,-7914.0,-8123.0,-8035.0,-8046.0,-9502.0,-9679.0,-10113.0,-7996.0,-7760.0,-7010.0,-6083.0,-6361.0,-5935.0,-6443.0,-6387.0,-6123.0,-6693.0,-7692.0,-8511.0,-8928.0,-7358.0,-6941.0,-6197.0,-5279.0,-6150.0,-5360.0,-5000.0,-5284.0,-5473.0,-5797.0,-6200.0,-5935.0,-5969.0,-5699.0,-5716.0,-5808.0,-4553.0,-5269.0,-4913.0,-4578.0,-4783.0,-3475.0,-3427.0,-3807.0,-3206.0,-3012.0,-2678.0,-2165.0,-2366.0,-2233.0,-1962.0,-1872.0,-2247.0,-2497.0,-3031.0,-3089.0,-3728.0,-3638.0,-3402.0,-3267.0,-2593.0,-2904.0,-3202.0,-3269.0,-2980.0,-2475.0,-2152.0,-1943.0,-1668.0,-1603.0,-2239.0,-2172.0,-2013.0,-1852.0,-828.0,-795.0,-929.0,-908.0,-1017.0,-797.0,-618.354,-660.345,-449.706,-526.0,,,,-702.0,-573.934,
nee-financials,Dividends Paid,-4235.0,-4135.0,-4021.0,-3910.0,-3782.0,-3668.0,-3557.0,-3446.0,-3352.0,-3264.0,-3184.0,-3105.0,-3024.0,-2953.0,-2883.0,-2813.0,-2743.0,-2668.0,-2582.0,-2495.0,-2408.0,-2328.0,-2251.0,-2176.0,-2101.0,-2033.0,-1972.0,-1908.0,-1845.0,-1789.0,-1729.0,-1671.0,-1612.0,-1559.0,-1505.0,-1445.0,-1385.0,-1347.0,-1314.0,-1287.0,-1261.0,-1231.0,-1195.0,-1158.0,-1122.0,-1088.0,-1061.0,-1035.0,-1004.0,-983.0,-961.0,-939.0,-920.0,-896.0,-872.0,-848.0,-823.0,-808.0,-794.0,-779.0,-766.0,-753.0,-740.0,-727.0,-714.0,-699.0,-684.0,-669.0,-654.0,-638.0,-623.0,-608.0,-593.0,-582.0,-569.0,-557.0,-544.0,-529.0,-516.0,-491.0,-467.0,-452.0,-435.0,-430.0,-425.0,-420.0,-416.0,-408.0,-400.0,-390.0,-385.0,-381.0,-377.0,-376.0,-371.0,-368.0,-366.0,-363.0,-360.0,-358.0,-355.0,-353.0,-351.0,-348.0,-345.0,-342.0,-338.0,-335.0,-332.0,-328.513,-325.537,-322.606,-320.0,,,,-309.0,-334.751,
nee-financials,Share Issuance / Repurchase,48.0,2.0,1977.0,2018.0,4514.0,4561.0,4016.0,4015.0,1514.0,1465.0,10.0,11.0,14.0,15.0,-36.0,-31.0,-92.0,-94.0,1417.0,1417.0,1494.0,1492.0,733.0,731.0,718.0,733.0,41.0,55.0,55.0,45.0,519.0,527.0,537.0,552.0,711.0,1299.0,1298.0,1850.0,1221.0,624.0,633.0,484.0,875.0,859.0,842.0,434.0,42.0,401.0,386.0,1.0,-7.0,-352.0,-327.0,163.0,272.0,314.0,308.0,196.0,184.0,161.0,198.0,195.0,101.0,82.0,41.0,42.0,42.0,43.0,46.0,57.0,57.0,45.0,285.0,270.0,284.0,287.0,639.0,680.0,673.0,694.0,110.0,81.0,90.0,76.0,73.0,73.0,66.0,388.0,378.0,360.0,342.0,6.0,0.0,-65.0,-116.0,-134.0,-150.0,-112.0,-66.0,-100.0,-116.0,-99.0,-113.0,-77.0,-62.0,-59.0,-49.0,-48.0,-48.0,-57.254,-55.131,-74.626,-82.0,,,,-69.0,-107.048,
nee-financials,Debt Issued / Paid,11638.0,11169.0,10447.0,9260.0,8187.0,8523.0,8671.0,11088.0,10288.0,9748.0,10477.0,7110.0,6663.0,6781.0,6449.0,5110.0,5394.0,6971.0,4940.0,6236.0,3614.0,7571.0,7950.0,7776.0,7561.0,2516.0,2824.0,2948.0,3441.0,3005.0,1991.0,1892.0,2079.0,2440.0,3533.0,3386.0,1444.0,1090.0,308.0,265.0,755.0,817.0,1567.0,1706.0,1255.0,3267.0,4292.0,4731.0,5079.0,3405.0,3511.0,2856.0,2279.0,2488.0,1185.0,648.0,1825.0,2558.0,2686.0,3424.0,1739.0,724.0,2716.0,2914.0,3317.0,3161.0,1764.0,2200.0,1253.0,1796.0,771.0,227.0,1681.0,2118.0,2050.0,1578.0,838.0,7.0,324.0,-104.0,-286.0,-547.0,81.0,1076.0,1326.0,2631.0,1977.0,1348.0,1187.0,556.0,774.0,1502.0,1657.0,1759.0,1723.0,1630.0,1251.0,1050.0,447.0,890.0,1254.0,659.0,647.0,-240.0,-408.0,-315.0,-256.0,-463.0,-562.0,-403.208,-384.422,-396.327,-517.0,,,,-452.0,-412.491,
nee-financials,Other Financing Activities,-451.0,1669.0,2178.0,2929.0,3230.0,3278.0,2772.0,3309.0,3779.0,2030.0,1650.0,2201.0,2154.0,3483.0,4470.0,3690.0,3615.0,1055.0,769.0,1249.0,1173.0,1353.0,2067.0,1420.0,1456.0,1979.0,1505.0,1420.0,1237.0,1126.0,994.0,1166.0,1420.0,695.0,690.0,575.0,540.0,818.0,738.0,798.0,873.0,112.0,107.0,216.0,155.0,167.0,221.0,115.0,427.0,427.0,395.0,556.0,248.0,62.0,156.0,175.0,204.0,248.0,207.0,17.0,4.0,5.0,-5.0,-9.0,6.0,85.0,37.0,25.0,10.0,-65.0,-15.0,7.0,26.0,6.0,,61.0,-10.0,5.0,-29.0,-45.0,-39.0,-276.0,-251.0,-306.0,-276.0,-36.0,-35.0,-45.0,-52.0,-43.0,-35.0,-16.0,,,,,,,,,,,,,,,,,,1.98,-36.229,-6.169,3.0,,,,-18.0,-19.993,
nee-financials,Financing Cash Flow,7000.0,8705.0,10581.0,10297.0,12149.0,12694.0,11902.0,14966.0,12229.0,9979.0,8953.0,6217.0,5807.0,7326.0,8000.0,5956.0,6174.0,5264.0,4544.0,6407.0,3873.0,8088.0,8499.0,7751.0,7634.0,3195.0,2398.0,2515.0,2888.0,2387.0,1775.0,1914.0,2424.0,2128.0,3429.0,3815.0,1897.0,2411.0,953.0,400.0,1000.0,182.0,1354.0,1623.0,1130.0,2780.0,3494.0,4212.0,4888.0,2850.0,2938.0,2121.0,1280.0,1817.0,741.0,289.0,1514.0,2194.0,2283.0,2823.0,1175.0,171.0,2072.0,2260.0,2650.0,2589.0,1159.0,1599.0,655.0,1150.0,190.0,-329.0,1399.0,1812.0,1765.0,1369.0,923.0,163.0,452.0,54.0,-682.0,-1194.0,-515.0,416.0,698.0,2248.0,1592.0,1283.0,1113.0,483.0,696.0,1111.0,1280.0,1318.0,1236.0,1128.0,735.0,575.0,21.0,432.0,783.0,207.0,183.0,-665.0,-815.0,-716.0,-643.0,-846.0,-942.0,-786.995,-801.319,-799.728,-916.0,,,,-848.0,-874.283,
nee-financials,Net Cash Flow,-2018.0,-204.0,-652.0,-1976.0,-21.0,-1189.0,-1739.0,1451.0,2125.0,2963.0,3060.0,573.0,-230.0,-1433.0,-3.0,-1669.0,438.0,879.0,-267.0,2493.0,-4145.0,837.0,967.0,433.0,3270.0,-1048.0,-207.0,108.0,454.0,887.0,12.0,-29.0,757.0,-487.0,192.0,172.0,7.0,696.0,-71.0,-19.0,139.0,-73.0,211.0,273.0,109.0,312.0,116.0,-60.0,-48.0,-394.0,8.0,-150.0,75.0,-151.0,-542.0,-790.0,64.0,627.0,553.0,939.0,-297.0,-1428.0,-148.0,-327.0,245.0,1242.0,-299.0,377.0,-330.0,191.0,589.0,78.0,90.0,-943.0,-20.0,-93.0,305.0,651.0,-68.0,9.0,96.0,-484.0,-59.0,-100.0,-137.0,239.0,-103.0,215.0,184.0,397.0,312.0,8.0,-47.0,-78.0,-162.0,5.0,-232.0,7.0,-361.0,-444.0,174.0,-77.0,167.0,476.0,133.0,-13.0,90.0,-323.0,-142.0,368.462,259.252,366.886,150.0,,,,-40.0,-66.264,
nee-financials,Free Cash Flow,4746.0,5391.0,4191.0,2983.0,1753.0,-1201.0,-1787.0,-1763.0,-1480.0,-617.0,-62.0,-331.0,-277.0,27.0,231.0,-162.0,224.0,1284.0,1644.0,2064.0,2243.0,2021.0,1046.0,912.0,634.0,432.0,866.0,1640.0,1053.0,1574.0,1626.0,1265.0,2129.0,2485.0,1973.0,2142.0,2217.0,2397.0,2959.0,2551.0,2071.0,2287.0,1592.0,1702.0,2126.0,951.0,800.0,129.0,-564.0,-671.0,-1274.0,-1084.0,-518.0,228.0,933.0,1009.0,887.0,872.0,886.0,1186.0,1525.0,1554.0,864.0,603.0,882.0,712.0,1389.0,1449.0,1426.0,1716.0,1894.0,1785.0,460.0,-1527.0,-713.0,-678.0,-184.0,1162.0,131.0,400.0,1109.0,1447.0,1373.0,966.0,829.0,280.0,584.0,1029.0,1061.0,1256.0,1265.0,878.0,660.0,262.0,-245.0,-390.0,-411.0,129.0,276.0,579.0,900.0,1114.0,1303.0,1466.0,1261.0,1005.0,1036.0,983.0,1089.0,1391.55,1325.884,1216.828,1187.0,,,,849.0,746.275,
nee-financials,Free Cash Flow Growth,1.7073588134626356,,,,,,,,,,,,,-0.9789719626168224,-0.8594890510948905,,-0.9001337494427106,-0.3646709549727858,0.5717017208413002,1.263157894736842,2.5378548895899056,3.6782407407407405,0.20785219399538102,-0.4439024390243902,-0.3979107312440646,-0.7255400254129606,-0.46740467404674046,0.29644268774703564,-0.5054015969938939,-0.3665995975855131,-0.17587430309173846,-0.40943043884220354,-0.03969327920613441,0.03671255736337087,-0.3332206826630618,-0.16032928263426105,0.07049734427812648,0.0480979449059904,0.8586683417085428,0.49882491186839006,-0.02587017873941677,1.4048370136698214,0.99,12.193798449612403,,,,,,,,,,-0.7385321100917431,0.053047404063205406,-0.1492411467116358,-0.41836065573770487,-0.43886743886743884,0.02546296296296302,0.9668325041459369,0.7290249433106577,1.1825842696629212,-0.3779697624190065,-0.5838509316770186,-0.3814866760168303,-0.5850815850815851,-0.2666314677930306,-0.18823529411764706,2.1,,,,,,,,,-0.1969592259847961,-0.9045884923525127,-0.5859213250517599,0.3377563329312425,4.167857142857143,1.3510273972602738,-0.061224489795918324,-0.2186616399622997,-0.7770700636942676,-0.5383399209486166,0.17198177676537596,0.6075757575757577,3.793893129770993,,,,1.0310077519379846,,,,-0.8842010771992819,-0.7881811204911742,-0.6050477489768076,-0.28628072957969863,0.10845771144278604,0.2577220077220077,0.49135300101729396,0.1579430670339761,-0.277783766303762,-0.21863451101302978,-0.1921619160637329,-0.08256107834877846,,,,0.39811542991755,,,,,,
nee-financials,Free Cash Flow Margin,0.19173433523209307,0.20541055439131264,0.1621276595744681,0.10995208256542573,0.0623532759479263,-0.043830517134411155,-0.06631289891643165,-0.07114034379791784,-0.07062416491696889,-0.03110192559733844,-0.003545085482303162,-0.02039056243454691,-0.016228250043939307,0.001644536484346449,0.013723044020673677,-0.009468147282291058,0.012446518864255154,0.07058823529411765,0.08663118511882806,0.10454338246467103,0.11679858362841075,0.1063292471194823,0.058596157078034845,0.053824362606232294,0.03790279189334609,0.02646410193580005,0.05180665230916487,0.09614820894647359,0.061317183951551855,0.0933293803735547,0.09642984224884356,0.07772657450076804,0.13192464989465857,0.15036911533341402,0.11832083958020989,0.12441914498141264,0.126787144000915,0.1325774336283186,0.16642294713160855,0.14618073462838807,0.12167322718994183,0.1430537311565647,0.10122718891079036,0.10958727705878565,0.1404598308668076,0.0639069954976144,0.055826936496859735,0.00910759672408924,-0.03956228956228956,-0.04550386545503866,-0.08334968923781486,-0.06958084601065537,-0.03376572583273581,0.015312290127602417,0.06138561747483387,0.06804234945040125,0.05790951230658745,0.0560447329519892,0.0577537318297373,0.07621618147933937,0.0974876941763089,0.0971735867933967,0.05110611617177333,0.03615107913669065,0.05374771480804388,0.044251087632069606,0.09091504123576384,0.09275380873127641,0.09342855270916596,0.11287988422575977,0.12362117355264017,0.1174264850996645,0.02928071292170592,-0.1001245819946233,-0.050707631036199415,-0.05218194412375895,-0.015532669255444876,0.10309644219678822,0.012186046511627907,0.03763643206624012,0.10539821326743964,0.13956404320987653,0.13513779527559056,0.09777327935222672,0.08608515057113188,0.030708488703663085,0.0671573137074517,0.12127283441367119,0.12981769240181085,0.15804706178432112,0.15648193963384463,0.10810145284412706,0.08032128514056225,0.03106473796537823,-0.030506786203461585,-0.051758460517584606,-0.05819881053525913,0.019125277983691624,0.04213740458015267,0.08915922389898367,0.13979496738117428,0.17007633587786258,0.195733814030344,0.21766889383815888,0.18931091427713556,0.15782035175879397,0.16634553628773283,0.16054221786705863,0.17098445595854922,0.21995198690988915,0.21257655870648512,0.1986887302746619,0.1966208381646513,,,,0.15182403433476394,0.13762159855524753,
nee-financials,Free Cash Flow Per Share,2.308,2.623,2.04,1.453,0.854,-0.593,-0.883,-0.887,-0.745,-0.314,-0.032,-0.169,-0.141,0.014,0.118,-0.083,0.114,0.656,0.84,1.055,1.147,1.048,0.546,0.477,0.335,0.228,0.46,0.871,0.562,0.838,0.869,0.676,1.149,1.341,1.069,1.163,1.23,1.32,1.66,1.442,1.192,1.316,0.917,0.982,1.253,0.561,0.474,0.077,-0.338,-0.4,-0.767,-0.657,-0.311,0.137,0.559,0.607,0.54,0.531,0.542,0.728,0.943,0.959,0.535,0.375,0.551,0.445,0.869,0.908,0.896,1.078,1.191,1.125,0.292,-0.967,-0.452,-0.436,-0.121,0.757,0.086,0.27,0.773,1.007,0.959,0.677,0.584,0.197,0.412,0.728,0.767,0.894,0.927,0.649,0.489,0.194,-0.182,-0.289,-0.302,0.095,0.203,0.426,0.657,0.814,0.952,1.065,0.911,0.73,0.749,0.71,0.787,1.005,0.958,0.879,0.853,,,,0.606,0.524,
duk-financials,Net Income,,4324.0,4295.0,3175.0,2841.0,1200.0,1370.0,2497.0,2550.0,3932.0,3915.0,3773.0,3908.0,3099.0,2998.0,1431.0,1377.0,2114.0,2152.0,3786.0,3748.0,3538.0,3278.0,2946.0,2666.0,2905.0,2777.0,2963.0,3059.0,2129.0,2351.0,2174.0,2152.0,2856.0,2612.0,2646.0,2816.0,2436.0,2778.0,2844.0,1883.0,2474.0,2204.0,1934.0,2665.0,2412.0,2002.0,2107.0,1768.0,1621.0,1499.0,1490.0,1706.0,1845.0,2043.0,1386.0,1320.0,1239.0,678.0,1176.0,1075.0,1060.0,1166.0,1241.0,1362.0,1274.0,1666.0,1608.0,1500.0,1644.0,1800.0,1862.0,1863.0,2082.0,1360.0,1314.0,1824.0,1576.0,1924.0,2047.0,1490.0,-889.0,-1229.0,-1237.0,-1323.0,646.0,827.0,877.0,1034.0,1311.0,1877.0,1822.0,1898.0,1957.0,1931.0,1841.0,1776.0,1303.0,974.0,933.0,1507.0,1920.0,1907.0,1899.0,1252.0,1212.2,1093.7,982.3,974.0,982.4,1024.1,1092.6,1074.0,,,,1018.1,638.876,
duk-financials,Depreciation & Amortization,,6338.0,6268.0,6274.0,6084.0,5967.0,5836.0,5707.0,5843.0,5888.0,5833.0,5758.0,5663.0,5594.0,5588.0,5570.0,5486.0,5426.0,5344.0,5239.0,5176.0,5080.0,4929.0,4845.0,4696.0,4503.0,4343.0,4144.0,4046.0,4023.0,3965.0,3940.0,3880.0,3780.0,3697.0,3661.0,3613.0,3546.0,3543.0,3506.0,3507.0,3505.0,3433.0,3351.0,3229.0,3152.0,3119.0,2870.0,2652.0,2383.0,2112.0,2066.0,2026.0,2021.0,2006.0,1992.0,1994.0,1932.0,1908.0,1889.0,1846.0,1842.0,1843.0,1845.0,1834.0,1781.0,1848.0,1879.0,1888.0,2057.0,2121.0,2238.0,2215.0,2073.0,1845.0,1772.0,1884.0,1976.0,2175.0,2111.0,2037.0,2018.0,1958.0,1979.0,1987.0,1916.0,1875.0,1797.0,1692.0,1570.0,1521.0,1472.0,1450.0,2497.0,2066.0,1402.0,1348.0,315.0,609.0,1184.0,1151.0,1082.0,1069.0,1062.0,1055.0,1061.3,1035.8,1013.4,983.0,960.5,952.4,1020.695,965.0,,,,953.8,647.515,
duk-financials,Share-Based Compensation,,0.0,0.0,0.0,0.0,0.0,0.0,0.0,0.0,0.0,0.0,0.0,0.0,0.0,0.0,0.0,0.0,0.0,0.0,0.0,0.0,0.0,0.0,0.0,0.0,0.0,0.0,0.0,0.0,0.0,0.0,0.0,0.0,0.0,0.0,0.0,0.0,0.0,0.0,0.0,0.0,0.0,0.0,0.0,0.0,0.0,0.0,0.0,0.0,0.0,0.0,0.0,0.0,0.0,0.0,0.0,0.0,0.0,0.0,0.0,0.0,0.0,0.0,0.0,0.0,0.0,0.0,0.0,0.0,0.0,0.0,0.0,0.0,0.0,0.0,0.0,0.0,0.0,0.0,0.0,0.0,0.0,0.0,0.0,0.0,0.0,0.0,0.0,0.0,0.0,0.0,0.0,0.0,0.0,0.0,0.0,0.0,0.0,0.0,0.0,0.0,0.0,0.0,0.0,0.0,0.0,0.0,0.0,0.0,0.0,0.0,0.0,0.0,,,,0.0,0.0,
duk-financials,Other Operating Activities,,858.0,957.0,1420.0,953.0,881.0,-1529.0,-2589.0,-2466.0,-3569.0,-1296.0,-1534.0,-1281.0,624.0,786.0,2389.0,1993.0,1798.0,1014.0,-501.0,-715.0,-1462.0,-1267.0,-757.0,-176.0,-95.0,6.0,-338.0,-481.0,78.0,122.0,313.0,831.0,279.0,737.0,635.0,271.0,833.0,525.0,303.0,1196.0,580.0,521.0,1379.0,488.0,691.0,964.0,486.0,824.0,620.0,346.0,27.0,-60.0,11.0,55.0,973.0,1197.0,1411.0,1984.0,1329.0,542.0,491.0,-359.0,-580.0,132.0,165.0,-23.0,-174.0,-180.0,-223.0,-205.0,-176.0,-330.0,-1106.0,-971.0,-414.0,-890.0,-383.0,-274.0,-183.0,641.0,3288.0,3222.0,2265.0,2740.0,862.0,1775.0,2172.0,1473.0,210.0,-314.0,1256.0,401.0,-407.0,-471.0,-1401.0,-1113.0,1164.0,675.0,208.0,26.0,-638.0,-491.0,-597.0,24.0,69.4,103.1,0.8,183.0,163.8,259.6,398.544,296.0,,,,-139.7,-250.656,
duk-financials,Operating Cash Flow,,11520.0,11520.0,10869.0,9878.0,8048.0,5677.0,5615.0,5927.0,6251.0,8452.0,7997.0,8290.0,9317.0,9372.0,9390.0,8856.0,9338.0,8510.0,8524.0,8209.0,7156.0,6940.0,7034.0,7186.0,7313.0,7126.0,6769.0,6624.0,6230.0,6438.0,6427.0,6863.0,6915.0,7046.0,6942.0,6700.0,6815.0,6846.0,6653.0,6586.0,6559.0,6158.0,6664.0,6382.0,6255.0,6085.0,5463.0,5244.0,4624.0,3957.0,3583.0,3672.0,3877.0,4104.0,4351.0,4511.0,4582.0,4570.0,4394.0,3463.0,3393.0,2650.0,2506.0,3328.0,3220.0,3491.0,3313.0,3208.0,3478.0,3716.0,3924.0,3748.0,3049.0,2234.0,2672.0,2818.0,3169.0,3825.0,3975.0,4168.0,4417.0,3951.0,3007.0,3404.0,3424.0,4477.0,4846.0,4199.0,3091.0,3084.0,4550.0,3749.0,4047.0,3526.0,1842.0,2011.0,2782.0,2258.0,2325.0,2684.0,2364.0,2485.0,2364.0,2331.0,2342.9,2232.6,1996.5,2140.0,2106.7,2236.1,2511.839,2335.0,,,,1832.2,1035.735,
duk-financials,Operating Cash Flow Growth,,0.4314115308151094,1.0292407961951735,0.9357079252003562,0.6666104268601316,0.28747400415933444,-0.32832465688594414,-0.2978616981368013,-0.28504221954161646,-0.3290758827948911,-0.09816474605207004,-0.14834930777422795,-0.06391147244805784,-0.002248875562218866,0.10129259694477089,0.1015954950727358,0.0788159337312706,0.3049189491335942,0.22622478386167155,0.21182826272391253,0.1423601447258558,-0.021468617530425282,-0.026101599775470108,0.03914906189983758,0.08484299516908211,0.17383627608346708,0.10686548617583091,0.053213007624085984,-0.03482442080722714,-0.09906001446131596,-0.08629009367016749,-0.07418611351195625,0.024328358208955292,0.014673514306676516,0.029214139643587433,0.04343905005260784,0.01730944427573644,0.03903033999085226,0.1117245859045144,-0.0016506602641056523,0.031964901284863734,0.048601119104716206,0.01199671322925222,0.2198425773384587,0.2170099160945842,0.3527249134948096,0.5377811473338387,0.5246999720904271,0.4281045751633987,0.19267474851689448,-0.035818713450292416,-0.17651114686279012,-0.18598980270450016,-0.1538629419467481,-0.10196936542669588,-0.009786071916249472,0.30262777938203866,0.3504273504273505,0.7245283018867925,0.753391859537111,0.040564903846153744,0.05372670807453406,-0.24090518476081357,-0.24358587383036523,0.03740648379052369,-0.07418056354226565,-0.06054897739504839,-0.1557084607543323,-0.14407684098185702,0.14070186946539853,0.6633840644583706,0.4685628742514969,0.3300212916962384,-0.037866834963710905,-0.41594771241830064,-0.3277987421383648,-0.3238963531669866,-0.2825447136065202,-0.03189066059225509,0.3219155304289989,0.22444183313748534,0.29001168224299056,-0.11748939021666294,-0.3794882377218325,-0.18933079304596334,0.10773212552571976,0.4516861219195849,0.06505494505494513,0.12003200853560947,-0.2362243637262169,-0.12535450935904713,1.47014115092291,0.8642466434609648,0.45470884255930977,0.5615589016829052,-0.207741935483871,-0.25074515648286144,0.17681895093062616,-0.09134808853118714,-0.016497461928933976,0.15143715143715153,0.009005932818302087,0.11305204694078652,0.18407212622088664,0.0892523364485982,0.11211847913798834,-0.0015652251688207386,-0.20516402524206367,-0.08351177730192716,,,,0.27442418949896297,,,,,,
duk-financials,Capital Expenditures,,-12485.0,-12543.0,-12666.0,-12604.0,-12529.0,-12515.0,-11962.0,-11367.0,-10774.0,-10196.0,-10051.0,-9715.0,-9588.0,-9440.0,-9290.0,-9907.0,-10446.0,-10760.0,-11418.0,-11122.0,-10721.0,-10479.0,-9838.0,-9389.0,-8963.0,-8496.0,-7979.0,-8052.0,-8490.0,-8439.0,-8416.0,-7901.0,-7376.0,-7097.0,-7000.0,-6766.0,-6271.0,-6046.0,-5563.0,-5384.0,-5427.0,-5211.0,-5383.0,-5526.0,-5510.0,-5964.0,-5888.0,-5501.0,-5218.0,-4677.0,-4345.0,-4363.0,-4312.0,-4416.0,-4630.0,-4803.0,-4753.0,-4721.0,-4630.0,-4296.0,-4199.0,-4144.0,-4164.0,-4386.0,-4121.0,-3680.0,-3389.0,-3125.0,-3311.0,-3575.0,-3624.0,-3381.0,-2950.0,-2658.0,-2384.0,-2327.0,-2237.0,-2108.0,-2072.0,-2161.0,-1906.0,-1962.0,-2083.0,-2260.0,-2299.0,-2858.0,-4240.0,-4745.0,-6037.0,-6636.0,-6251.0,-5700.0,-5119.0,-4649.0,-3885.0,-4568.0,-4356.0,-4784.0,-4611.0,-5291.0,-5095.0,-4580.0,-4199.0,-2500.0,-2961.6,-2180.5,-2157.7,-2028.0,-1323.6,-1443.1,-1435.815,-1394.0,,,,-1223.0,-881.163,
duk-financials,Acquisitions,,734.0,734.0,734.0,734.0,0.0,0.0,0.0,0.0,0.0,0.0,0.0,0.0,0.0,0.0,0.0,0.0,0.0,0.0,0.0,0.0,0.0,0.0,0.0,0.0,0.0,0.0,0.0,0.0,-3360.0,-3360.0,-3360.0,-3360.0,159.0,1663.0,1663.0,1634.0,1444.0,112.0,96.0,125.0,433.0,261.0,309.0,277.0,-415.0,-344.0,-370.0,-380.0,34.0,-83.0,-91.0,-51.0,-50.0,-4.0,-2.0,0.0,0.0,-10.0,-124.0,-124.0,-124.0,-503.0,-389.0,-389.0,-397.0,-12.0,-66.0,-66.0,-253.0,-249.0,-47.0,-137.0,57.0,-236.0,-384.0,-294.0,-293.0,0.0,0.0,0.0,0.0,0.0,0.0,0.0,0.0,0.0,-40.0,-1707.0,-1707.0,-1707.0,-1667.0,0.0,1063.0,1063.0,1063.0,1063.0,-7.0,0.0,0.0,1900.0,1907.0,1903.0,1903.0,38.0,38.0,35.0,35.0,0.0,0.0,0.0,16.552,0.0,,,,0.0,-6.718,
duk-financials,Change in Investments,,100.0,69.0,67.0,45.0,10.0,41.0,51.0,38.0,-10.0,-37.0,-52.0,-887.0,-792.0,-913.0,-1015.0,-299.0,-390.0,-369.0,-337.0,-318.0,-228.0,-288.0,-295.0,-294.0,-108.0,-28.0,-52.0,-106.0,-425.0,-373.0,-335.0,-223.0,-331.0,-322.0,-321.0,-257.0,-88.0,-213.0,-52.0,-67.0,-54.0,294.0,176.0,92.0,345.0,17.0,85.0,24.0,-150.0,-123.0,-165.0,-63.0,-59.0,172.0,66.0,43.0,19.0,-170.0,-79.0,-92.0,-32.0,486.0,-20.0,46.0,352.0,-31.0,677.0,873.0,-712.0,-2232.0,-1212.0,-940.0,1015.0,2549.0,1329.0,2233.0,2556.0,2574.0,2024.0,742.0,-530.0,-380.0,1152.0,1376.0,629.0,410.0,17.0,-602.0,1104.0,701.0,-139.0,-150.0,-1370.0,-1172.0,-1212.0,-1124.0,-1212.0,-1049.0,-749.0,-513.0,0.0,0.0,0.0,0.0,366.6,74.7,31.4,0.0,-400.7,-192.3,-177.444,-156.0,,,,-67.7,17.922,
duk-financials,Other Investing Activities,,-924.0,-802.0,-743.0,-650.0,-575.0,-515.0,-572.0,-644.0,-581.0,-580.0,-394.0,-333.0,-460.0,-394.0,-414.0,-398.0,-452.0,-511.0,-511.0,-517.0,-474.0,-436.0,-376.0,-377.0,-310.0,-219.0,-314.0,-284.0,-29.0,-92.0,-20.0,-44.0,7.0,-2835.0,79.0,112.0,-15.0,2847.0,-24.0,-47.0,-98.0,-127.0,99.0,179.0,-194.0,-77.0,-309.0,-340.0,-19.0,-104.0,-95.0,43.0,453.0,495.0,461.0,337.0,-62.0,34.0,-1.0,20.0,7.0,-56.0,143.0,118.0,234.0,226.0,146.0,167.0,2975.0,3080.0,3099.0,3130.0,377.0,324.0,263.0,262.0,427.0,452.0,493.0,626.0,598.0,455.0,367.0,208.0,66.0,3.0,147.0,100.0,71.0,-167.0,276.0,415.0,-58.0,623.0,-71.0,-87.0,232.0,68.0,254.0,153.0,212.0,63.0,22.0,-14.0,10.0,-25.9,11.3,34.0,-3.9,28.6,-17.182,-18.0,,,,-26.9,-82.524,
duk-financials,Investing Cash Flow,,-12575.0,-12542.0,-12608.0,-12475.0,-13094.0,-12989.0,-12483.0,-11973.0,-11365.0,-10813.0,-10497.0,-10935.0,-10840.0,-10747.0,-10719.0,-10604.0,-11288.0,-11640.0,-12266.0,-11957.0,-11423.0,-11203.0,-10509.0,-10060.0,-9381.0,-8743.0,-8345.0,-8442.0,-12304.0,-12264.0,-12131.0,-11528.0,-7541.0,-8591.0,-5579.0,-5277.0,-4930.0,-3300.0,-5543.0,-5373.0,-5146.0,-4783.0,-4799.0,-4978.0,-5774.0,-6368.0,-6482.0,-6197.0,-5353.0,-4987.0,-4696.0,-4434.0,-3968.0,-3753.0,-4105.0,-4423.0,-4796.0,-4867.0,-4834.0,-4492.0,-4348.0,-4217.0,-4430.0,-4611.0,-3932.0,-3497.0,-2632.0,-2151.0,-1301.0,-2976.0,-1784.0,-1328.0,-1501.0,-21.0,-1176.0,-126.0,453.0,918.0,445.0,-793.0,-1838.0,-1887.0,-564.0,-676.0,-1604.0,-2445.0,-4116.0,-6954.0,-6569.0,-7809.0,-7781.0,-5435.0,-5484.0,-4135.0,-4105.0,-4716.0,-5343.0,-5765.0,-5106.0,-3751.0,-2976.0,-2614.0,-2274.0,-2476.0,-2547.0,-2096.7,-2080.0,-1994.0,-1728.2,-1606.8,-1613.889,-1568.0,,,,-1317.6,-952.483,
duk-financials,Dividends Paid,,-3217.0,-3228.0,-3235.0,-3244.0,-3228.0,-3211.0,-3195.0,-3179.0,-3163.0,-3147.0,-3130.0,-3114.0,-3039.0,-2962.0,-2888.0,-2812.0,-2791.0,-2747.0,-2726.0,-2668.0,-2626.0,-2584.0,-2521.0,-2471.0,-2460.0,-2449.0,-2449.0,-2450.0,-2426.0,-2392.0,-2362.0,-2332.0,-2300.0,-2279.0,-2260.0,-2254.0,-2249.0,-2242.0,-2245.0,-2234.0,-2222.0,-2210.0,-2199.0,-2188.0,-2177.0,-2167.0,-1959.0,-1752.0,-1546.0,-1342.0,-1333.0,-1329.0,-1321.0,-1306.0,-1299.0,-1284.0,-1271.0,-1261.0,-1242.0,-1222.0,-1200.0,-1190.0,-1161.0,-1143.0,-1130.0,-1106.0,-1102.0,-1089.0,-1215.0,-1339.0,-1464.0,-1488.0,-1376.0,-1264.0,-1128.0,-1105.0,-1079.0,-1061.0,-1066.0,-1065.0,-1063.0,-1053.0,-1058.0,-1051.0,-1027.0,-1003.0,-974.0,-938.0,-917.0,-911.0,-885.0,-871.0,-858.0,-834.0,-830.0,-828.0,-827.0,-825.0,-823.0,-822.0,-820.0,-818.0,-816.0,-814.0,-818.5,-823.6,-774.9,-726.0,-670.5,-616.0,-647.41,-609.0,,,,-590.5,-443.633,
duk-financials,Share Issuance / Repurchase,,34.0,28.0,12.0,8.0,9.0,9.0,9.0,9.0,0.0,0.0,0.0,5.0,2675.0,2693.0,2710.0,2745.0,418.0,414.0,411.0,384.0,1045.0,1045.0,1830.0,1838.0,834.0,820.0,21.0,0.0,724.0,724.0,724.0,731.0,8.0,8.0,-1491.0,-1483.0,-1483.0,-1482.0,21.0,25.0,25.0,25.0,23.0,9.0,15.0,16.0,20.0,23.0,70.0,71.0,69.0,67.0,100.0,200.0,277.0,302.0,314.0,345.0,379.0,519.0,525.0,396.0,296.0,133.0,54.0,53.0,49.0,50.0,84.0,106.0,-309.0,-373.0,-428.0,-470.0,-127.0,-892.0,-141.0,-124.0,825.0,1704.0,1011.0,1074.0,256.0,277.0,1272.0,1262.0,1326.0,1323.0,315.0,305.0,316.0,1432.0,1482.0,1481.0,1363.0,230.0,186.0,172.0,165.0,162.0,191.0,204.0,233.0,176.0,86.8,33.0,-10.0,-10.0,-2.6,-148.6,-147.0,-147.0,,,,16.5,0.0,
duk-financials,Debt Issued / Paid,,5177.0,4198.0,4891.0,5433.0,6788.0,9067.0,8245.0,8052.0,8209.0,4322.0,4765.0,4237.0,511.0,1084.0,-7.0,1505.0,3814.0,3905.0,5338.0,3235.0,3433.0,4687.0,3148.0,3564.0,3681.0,3193.0,3557.0,4231.0,1912.0,7196.0,7493.0,5868.0,7780.0,3586.0,399.0,1171.0,1313.0,-827.0,2444.0,1565.0,564.0,1231.0,530.0,933.0,2184.0,2533.0,3240.0,1950.0,1917.0,2494.0,2059.0,2500.0,1542.0,1117.0,1141.0,1036.0,1385.0,1540.0,1213.0,2328.0,1387.0,2375.0,3343.0,2591.0,2981.0,1127.0,423.0,80.0,-810.0,698.0,-222.0,-143.0,727.0,-655.0,-373.0,-638.0,-2661.0,-3299.0,-3575.0,-3560.0,-2800.0,-1841.0,-1643.0,-1792.0,-1183.0,-1378.0,-744.0,2210.0,4020.0,4251.0,3858.0,1129.0,425.0,-229.0,2097.0,3499.0,3249.0,5447.0,3171.0,2258.0,1975.0,1026.0,1045.0,890.0,1729.0,960.7,1206.0,798.0,203.5,193.0,-95.83,-5.0,,,,133.8,386.49,
duk-financials,Other Financing Activities,,-1066.0,-60.0,-35.0,154.0,1422.0,1375.0,1413.0,1247.0,-46.0,1260.0,1193.0,1481.0,1519.0,484.0,508.0,293.0,527.0,1718.0,1867.0,2779.0,2548.0,1169.0,989.0,29.0,35.0,9.0,4.0,1.0,14.0,-5.0,-5.0,-16.0,-53.0,-54.0,-54.0,-36.0,-27.0,-43.0,-40.0,-34.0,-15.0,16.0,16.0,-81.0,-98.0,-54.0,-57.0,46.0,17.0,-29.0,-30.0,-36.0,-6.0,-10.0,-26.0,-14.0,-12.0,-23.0,-31.0,-40.0,-27.0,-25.0,5.0,10.0,8.0,38.0,21.0,-368.0,-381.0,-324.0,-338.0,43.0,-6.0,-83.0,-88.0,-82.0,-162.0,-262.0,-306.0,-357.0,-174.0,-223.0,89.0,-91.0,-97.0,6.0,144.0,251.0,-84.0,-74.0,-396.0,-336.0,244.0,1017.0,-253.0,-187.0,-339.0,-1172.0,60.0,2.0,-129.0,-50.0,-29.0,-174.0,-435.3,-390.9,-435.0,-265.0,-9.1,-67.4,-51.153,-12.0,,,,-105.3,-22.491,
duk-financials,Financing Cash Flow,,928.0,938.0,1633.0,2351.0,4991.0,7240.0,6472.0,6129.0,5000.0,2435.0,2828.0,2609.0,1666.0,1299.0,323.0,1731.0,1968.0,3290.0,4890.0,3730.0,4400.0,4317.0,3446.0,2960.0,2090.0,1573.0,1133.0,1782.0,224.0,5523.0,5850.0,4251.0,5435.0,1261.0,-3406.0,-2602.0,-2446.0,-4594.0,180.0,-678.0,-1648.0,-938.0,-1630.0,-1327.0,-76.0,328.0,1244.0,267.0,458.0,1194.0,765.0,1202.0,315.0,1.0,93.0,40.0,416.0,601.0,319.0,1585.0,685.0,1556.0,2483.0,1591.0,1913.0,112.0,-609.0,-1327.0,-2322.0,-859.0,-2333.0,-1961.0,-1083.0,-2472.0,-1716.0,-2717.0,-4043.0,-4746.0,-4122.0,-3278.0,-3026.0,-2043.0,-2356.0,-2657.0,-1035.0,-1113.0,-248.0,2846.0,3334.0,3571.0,2893.0,1354.0,1293.0,1435.0,2377.0,2714.0,2269.0,3622.0,2573.0,1600.0,1217.0,362.0,433.0,78.0,562.0,-220.8,-13.9,-203.0,-478.7,-639.0,-941.393,-773.0,,,,-545.5,-79.634,
duk-financials,Net Cash Flow,,-127.0,-84.0,-106.0,-246.0,-55.0,-72.0,-396.0,83.0,-114.0,74.0,328.0,-36.0,143.0,-76.0,-1006.0,-17.0,18.0,160.0,1148.0,-18.0,133.0,54.0,-29.0,86.0,22.0,-44.0,-443.0,-36.0,-5387.0,92.0,590.0,60.0,5919.0,894.0,-914.0,-80.0,-1109.0,-1596.0,742.0,-13.0,-235.0,437.0,235.0,77.0,405.0,45.0,225.0,-686.0,-271.0,164.0,-348.0,440.0,224.0,352.0,339.0,128.0,202.0,304.0,-121.0,556.0,-270.0,-11.0,559.0,308.0,1201.0,106.0,72.0,-270.0,-145.0,-141.0,-215.0,437.0,443.0,-257.0,-216.0,-22.0,-417.0,-3.0,367.0,136.0,-464.0,6.0,1.0,16.0,785.0,919.0,482.0,91.0,-144.0,-1154.0,-338.0,-332.0,-144.0,826.0,114.0,9.0,-292.0,115.0,-208.0,533.0,605.0,233.0,523.0,-67.0,357.9,-84.9,-97.4,-57.0,-100.2,-9.7,-43.443,-6.0,,,,-30.9,3.618,
duk-financials,Free Cash Flow,,-965.0,-1023.0,-1797.0,-2726.0,-4481.0,-6838.0,-6347.0,-5440.0,-4523.0,-1744.0,-2054.0,-1425.0,-271.0,-68.0,100.0,-1051.0,-1108.0,-2250.0,-2894.0,-2913.0,-3565.0,-3539.0,-2804.0,-2203.0,-1650.0,-1370.0,-1210.0,-1428.0,-2260.0,-2001.0,-1989.0,-1038.0,-461.0,-51.0,-58.0,-66.0,544.0,800.0,1090.0,1202.0,1132.0,947.0,1281.0,856.0,745.0,121.0,-425.0,-257.0,-594.0,-720.0,-762.0,-691.0,-435.0,-312.0,-279.0,-292.0,-171.0,-151.0,-236.0,-833.0,-806.0,-1494.0,-1658.0,-1058.0,-901.0,-189.0,-76.0,83.0,167.0,141.0,300.0,367.0,99.0,-424.0,288.0,491.0,932.0,1717.0,1903.0,2007.0,2511.0,1989.0,924.0,1144.0,1125.0,1619.0,606.0,-546.0,-2946.0,-3552.0,-1701.0,-1951.0,-1072.0,-1123.0,-2043.0,-2557.0,-1574.0,-2526.0,-2286.0,-2607.0,-2731.0,-2095.0,-1835.0,-169.0,-618.7,52.1,-161.2,112.0,783.1,793.0,1076.024,941.0,,,,609.2,154.572,
duk-financials,Free Cash Flow Growth,,,,,,,,,,,,,,,,,,,,,,,,,,,,,,,,,,,,,,-0.519434628975265,-0.15522703273495253,-0.14910226385636227,0.4042056074766356,0.5194630872483221,6.8264462809917354,,,,,,,,,,,,,,,,,,,,,,,,,,-0.773841961852861,0.6868686868686869,,0.04166666666666674,-0.2525458248472505,-0.8937768240343348,,-0.8486600105097215,-0.7553562531141007,-0.6288331342094783,-0.1367521367521367,1.0595238095238093,0.7543706293706294,1.2320000000000002,0.2285361334156888,0.5247524752475248,,,,,,,,,,,,,,,,,,,,,,,-0.9343001261034047,,-0.8809776833156217,,,,0.5446487196323047,,,,,,
duk-financials,Free Cash Flow Margin,,-0.031944122612466486,-0.03404439415621152,-0.061008317772873875,-0.09380591878871301,-0.15346415973149766,-0.23541157434502702,-0.21861330210450178,-0.18909899888765294,-0.16641524706574928,-0.06634205721241632,-0.08060591790283338,-0.05787742171317168,-0.011228971575370846,-0.0028447121820615795,0.00424322145372767,-0.04497988530343234,-0.045796478465735306,-0.09216401097775775,-0.11638849788859844,-0.116152956656964,-0.14208281854051252,-0.1428225513539691,-0.11422053851480712,-0.08984136046653889,-0.06816773393926874,-0.05694334760380731,-0.05047766050644529,-0.06059834500318269,-0.09681703294349484,-0.08537782139352307,-0.08612253734574583,-0.045640416831552566,-0.021542056074766357,-0.0023935795747876284,-0.002674906608864087,-0.0029502480890438512,0.024416517055655295,0.03604902667627974,0.04885482497422796,0.053400861877471235,0.047186327636515216,0.03976986393415085,0.05341283409081433,0.03761645280365618,0.033899076307048276,0.005382083444533404,-0.021060455896927652,-0.014347923179991067,-0.03434121523963693,-0.04952197537657335,-0.05256622516556291,-0.047560052309174754,-0.029782281254279064,-0.021387441732931178,-0.019454710271250262,-0.02045964125560538,-0.012269498457343762,-0.011279599611563457,-0.01813571044340275,-0.06543083811169587,-0.06319586012231457,-0.11612000621793875,-0.1257775754817175,-0.08010903308851366,-0.06875238458603586,-0.014226571321038765,-0.0058362770695745666,0.006525157232704403,0.013366415879622218,0.011667356226727347,0.02495425054067543,0.034599792589799186,0.09183673469387756,-0.5126964933494559,0.0900562851782364,0.07109759629307848,0.05115538723310829,0.08469810576164168,0.09367923599488037,0.10241886099203919,0.14586964098989194,0.11248727519511367,0.05274574723141911,0.06348149381277399,0.05154875366568915,0.07992298958384755,0.0323683367161628,-0.03442622950819672,-0.2078013684136277,-0.23800589654248192,-0.06326477479822963,-0.10871503399086148,-0.058788044968467235,-0.038462855772853376,-0.08324165749908324,-0.16666666666666666,-0.03922448165869218,-0.08118792787580754,-0.0918884154674813,-0.11977395938619866,-0.13806875631951465,-0.11384013476063685,-0.10352609308885755,-0.009568565281395085,-0.034340171395586344,0.0029706244583314325,-0.00968854804005241,0.00686737384266356,0.050622519296158866,0.05753798377617507,0.08134011656474181,0.07649162737766217,,,,0.06283845812660525,0.03443417147982151,
duk-financials,Free Cash Flow Per Share,,-1.25,-1.325,-2.331,-3.536,-5.812,-8.869,-8.243,-7.065,-5.874,-2.265,-2.668,-1.853,-0.352,-0.088,0.13,-1.426,-1.507,-3.061,-3.943,-3.996,-4.89,-4.861,-3.857,-3.112,-2.314,-1.949,-1.726,-2.04,-3.229,-2.859,-2.841,-1.502,-0.669,-0.074,-0.084,-0.095,0.791,1.156,1.54,1.7,1.601,1.339,1.814,1.212,1.055,0.171,-0.603,-0.448,-0.85,-1.614,-1.709,-1.556,-0.98,-0.703,-0.629,-0.665,-0.389,-0.345,-0.54,-1.933,-1.861,-3.48,-3.88,-2.509,-2.137,-0.449,-0.18,0.198,0.398,0.336,0.716,0.941,0.237,-1.027,0.931,1.577,3.019,5.557,5.984,6.467,8.031,6.444,3.039,3.801,3.729,5.385,2.027,-1.959,-10.597,-12.823,-6.476,-7.631,-4.15,-4.358,-8.227,-10.423,-6.416,-10.31,-9.356,-10.728,-11.223,-8.633,-7.583,-0.702,-2.571,0.216,-0.672,0.467,3.264,3.306,4.488,3.91,,,,2.53,1.132,
ngg-financials,Net Income,,,,2290.0,,,,7797.0,,,,2353.0,,,,1511.0,,,,1264.0,,,,1511.0,,,,,,,,7794.0,,,,2595.0,,,,2001.0,,,,2476.0,,,,2153.0,,,,1917.0,,,,2159.0,,,,1386.0,,,,944.0,,,,3190.0,,,,1394.0,,,,3848.0,,,,1424.0,,,,,,,,,,,,,,,,,,,,,,,,,,,,,,,,,,,,,,,7795.0
ngg-financials,Depreciation & Amortization,,,,2061.0,,,,1984.0,,,,1830.0,,,,1485.0,,,,1435.0,,,,1725.0,,,,,,,,1481.0,,,,1311.0,,,,1202.0,,,,1417.0,,,,1361.0,,,,1282.0,,,,1245.0,,,,1188.0,,,,1122.0,,,,994.0,,,,871.0,,,,888.0,,,,782.0,,,,,,,,,,,,,,,,,,,,,,,,,,,,,,,,,,,,,,,1530.0
ngg-financials,Share-Based Compensation,,,,37.0,,,,48.0,,,,38.0,,,,23.0,,,,16.0,,,,27.0,,,,,,,,32.0,,,,21.0,,,,18.0,,,,20.0,,,,20.0,,,,24.0,,,,25.0,,,,25.0,,,,22.0,,,,18.0,,,,15.0,,,,14.0,,,,12.0,,,,,,,,,,,,,,,,,,,,,,,,,,,,,,,,,,,,,,,16.0
ngg-financials,Other Operating Activities,,,,2551.0,,,,-2931.0,,,,2051.0,,,,1442.0,,,,1903.0,,,,1055.0,,,,,,,,-4078.0,,,,1441.0,,,,1786.0,,,,106.0,,,,216.0,,,,1005.0,,,,1429.0,,,,1917.0,,,,1325.0,,,,-1037.0,,,,678.0,,,,-1779.0,,,,1090.0,,,,,,,,,,,,,,,,,,,,,,,,,,,,,,,,,,,,,,,-4838.0
ngg-financials,Operating Cash Flow,,,,6939.0,,,,6898.0,,,,6272.0,,,,4461.0,,,,4618.0,,,,4318.0,,,,,,,,5229.0,,,,5368.0,,,,5007.0,,,,4019.0,,,,3750.0,,,,4228.0,,,,4858.0,,,,4516.0,,,,3413.0,,,,3165.0,,,,2958.0,,,,2971.0,,,,3308.0,,,,,,,,,,,,,,,,,,,,,,,,,,,,,,,,,,,,,,,4503.0
ngg-financials,Operating Cash Flow Growth,,,,0.00594375181211948,,,,0.09980867346938771,,,,0.40596278861241863,,,,-0.03399740147249897,,,,0.06947660954145429,,,,-0.0410837219631357,,,,,,,,-0.02589418777943364,,,,0.0720990613141601,,,,0.24583229659119188,,,,0.07173333333333343,,,,-0.1130558183538316,,,,-0.12968299711815567,,,,0.07573073516386186,,,,0.32317609141517734,,,,0.07835703001579786,,,,0.06997971602434072,,,,-0.004375631100639543,,,,-0.10187424425634828,,,,,,,,,,,,,,,,,,,,,,,,,,,,,,,,,,,,,,,,,,,-0.13884107860011474
ngg-financials,Capital Expenditures,,,,-6852.0,,,,-6238.0,,,,-5072.0,,,,-4202.0,,,,-4225.0,,,,-3597.0,,,,,,,,-3278.0,,,,-2851.0,,,,-2569.0,,,,-2940.0,,,,-3182.0,,,,-3123.0,,,,-2932.0,,,,-2992.0,,,,-3080.0,,,,-2806.0,,,,-2164.0,,,,-1639.0,,,,-1278.0,,,,,,,,,,,,,,,,,,,,,,,,,,,,,,,,,,,,,,,-3728.0
ngg-financials,Acquisitions,,,,506.0,,,,7220.0,,,,-7539.0,,,,-27.0,,,,1819.0,,,,-174.0,,,,,,,,5317.0,,,,-116.0,,,,0.0,,,,38.0,,,,204.0,,,,391.0,,,,20.0,,,,24.0,,,,0.0,,,,-3447.0,,,,-250.0,,,,10.0,,,,-1109.0,,,,,,,,,,,,,,,,,,,,,,,,,,,,,,,,,,,,,,,-217.0
ngg-financials,Change in Investments,,,,-1120.0,,,,607.0,,,,-763.0,,,,-471.0,,,,-33.0,,,,751.0,,,,,,,,-5600.0,,,,-391.0,,,,1157.0,,,,1716.0,,,,-3006.0,,,,540.0,,,,-1712.0,,,,719.0,,,,26.0,,,,19.0,,,,-1725.0,,,,25.0,,,,-59.0,,,,,,,,,,,,,,,,,,,,,,,,,,,,,,,,,,,,,,,6085.0
ngg-financials,Other Investing Activities,,,,-33.0,,,,-1349.0,,,,-636.0,,,,-416.0,,,,-756.0,,,,-426.0,,,,,,,,-753.0,,,,-678.0,,,,-589.0,,,,-144.0,,,,-146.0,,,,-179.0,,,,-150.0,,,,-83.0,,,,1056.0,,,,3211.0,,,,78.0,,,,5656.0,,,,-529.0,,,,,,,,,,,,,,,,,,,,,,,,,,,,,,,,,,,,,,,427.0
ngg-financials,Investing Cash Flow,,,,-7499.0,,,,240.0,,,,-14010.0,,,,-5116.0,,,,-3195.0,,,,-3446.0,,,,,,,,-4314.0,,,,-4036.0,,,,-2001.0,,,,-1330.0,,,,-6130.0,,,,-2371.0,,,,-4774.0,,,,-2332.0,,,,-1998.0,,,,-3023.0,,,,-4061.0,,,,4052.0,,,,-2975.0,,,,,,,,,,,,,,,,,,,,,,,,,,,,,,,,,,,,,,,2567.0
ngg-financials,Dividends Paid,,,,-1718.0,,,,-1607.0,,,,-922.0,,,,-1413.0,,,,-892.0,,,,-1160.0,,,,,,,,-1463.0,,,,-1337.0,,,,-1271.0,,,,-1059.0,,,,-810.0,,,,-1006.0,,,,-858.0,,,,-688.0,,,,-838.0,,,,-780.0,,,,-730.0,,,,-745.0,,,,-628.0,,,,,,,,,,,,,,,,,,,,,,,,,,,,,,,,,,,,,,,-4487.0
ngg-financials,Share Issuance / Repurchase,,,,20.0,,,,16.0,,,,33.0,,,,16.0,,,,10.0,,,,15.0,,,,,,,,-177.0,,,,-257.0,,,,-322.0,,,,9.0,,,,13.0,,,,9.0,,,,3229.0,,,,11.0,,,,-619.0,,,,-1475.0,,,,-153.0,,,,47.0,,,,13.0,,,,,,,,,,,,,,,,,,,,,,,,,,,,,,,,,,,,,,,-989.0
ngg-financials,Debt Issued / Paid,,,,4288.0,,,,-4018.0,,,,10958.0,,,,2770.0,,,,207.0,,,,1072.0,,,,,,,,937.0,,,,1100.0,,,,-682.0,,,,-1021.0,,,,4304.0,,,,-154.0,,,,-1763.0,,,,-499.0,,,,1641.0,,,,1589.0,,,,3000.0,,,,-2353.0,,,,1052.0,,,,,,,,,,,,,,,,,,,,,,,,,,,,,,,,,,,,,,,-1050.0
ngg-financials,Other Financing Activities,,,,-1603.0,,,,-1564.0,,,,-2300.0,,,,-623.0,,,,-931.0,,,,-879.0,,,,,,,,772.0,,,,-834.0,,,,-978.0,,,,-901.0,,,,-792.0,,,,-749.0,,,,-1038.0,,,,-1036.0,,,,-1061.0,,,,-926.0,,,,-839.0,,,,-2791.0,,,,-762.0,,,,,,,,,,,,,,,,,,,,,,,,,,,,,,,,,,,,,,,-1351.0
ngg-financials,Financing Cash Flow,,,,987.0,,,,-7173.0,,,,7769.0,,,,750.0,,,,-1606.0,,,,-952.0,,,,,,,,69.0,,,,-1328.0,,,,-3253.0,,,,-2972.0,,,,2715.0,,,,-1900.0,,,,-430.0,,,,-2212.0,,,,-877.0,,,,-1592.0,,,,1278.0,,,,-5842.0,,,,-325.0,,,,,,,,,,,,,,,,,,,,,,,,,,,,,,,,,,,,,,,-7877.0
ngg-financials,Net Cash Flow,,,,427.0,,,,-35.0,,,,31.0,,,,95.0,,,,-183.0,,,,-80.0,,,,,,,,984.0,,,,4.0,,,,-247.0,,,,-283.0,,,,335.0,,,,-43.0,,,,-346.0,,,,-28.0,,,,538.0,,,,-1450.0,,,,175.0,,,,1181.0,,,,8.0,,,,,,,,,,,,,,,,,,,,,,,,,,,,,,,,,,,,,,,-807.0
ngg-financials,Free Cash Flow,,,,87.0,,,,660.0,,,,1200.0,,,,259.0,,,,393.0,,,,721.0,,,,,,,,1951.0,,,,2517.0,,,,2438.0,,,,1079.0,,,,568.0,,,,1105.0,,,,1926.0,,,,1524.0,,,,333.0,,,,359.0,,,,794.0,,,,1332.0,,,,2030.0,,,,,,,,,,,,,,,,,,,,,,,,,,,,,,,,,,,,,,,775.0
ngg-financials,Free Cash Flow Growth,,,,-0.8681818181818182,,,,-0.44999999999999996,,,,3.633204633204633,,,,-0.3409669211195929,,,,-0.4549237170596394,,,,-0.06967741935483873,,,,,,,,-0.2248708780294001,,,,0.032403609515996745,,,,1.2594995366079704,,,,0.8996478873239437,,,,-0.4859728506787331,,,,-0.4262720664589823,,,,0.2637795275590551,,,,3.576576576576577,,,,-0.07242339832869082,,,,-0.5478589420654911,,,,-0.40390390390390385,,,,-0.34384236453201966,,,,,,,,,,,,,,,,,,,,,,,,,,,,,,,,,,,,,,,,,,,-0.6027678113787801
ngg-financials,Free Cash Flow Margin,,,,0.0043828715365239294,,,,0.03047232097511427,,,,0.06504417583608868,,,,0.017344137145918436,,,,0.027028885832187072,,,,0.0482823277305297,,,,,,,,0.12976388427003657,,,,0.1905086285195277,,,,0.18252601632103016,,,,0.07286109798095752,,,,0.03955707221951389,,,,0.07988721804511278,,,,0.1342815310604476,,,,0.10880274148639965,,,,0.021227768215720023,,,,0.0314278210627681,,,,0.09131684876365727,,,,0.15020297699594046,,,,0.2829662670755506,,,,,,,,,,,,,,,,,,,,,,,,,,,,,,,,,,,,,,,0.05154639175257732
ngg-financials,Free Cash Flow Per Share,,,,0.111,,,,0.845,,,,1.573,,,,0.343,,,,0.533,,,,0.991,,,,,,,,2.712,,,,3.528,,,,3.45,,,,1.551,,,,0.837,,,,1.652,,,,4.014,,,,3.22,,,,0.703,,,,0.725,,,,1.592,,,,2.671,,,,,,,,,,,,,,,,,,,,,,,,,,,,,,,,,,,,,,,,,,,0.983
